"cip_code","cip_display","cip_description","cip_version"
"0901","09.01","Communication and Media Studies.","2020"
"0907","09.07","Radio, Television, and Digital Communication.","2020"
"1301","13.01","Education, General.","2020"
"1305","13.05","Educational/Instructional Media Design.","2020"
"1313","13.13","Teacher Education and Professional Development, Specific Subject Areas.","2020"
"1609","16.09","Romance Languages, Literatures, and Linguistics.","2020"
"2301","23.01","English Language and Literature, General.","2020"
"2313","23.13","Rhetoric and Composition/Writing Studies.","2020"
"2401","24.01","Liberal Arts and Sciences, General Studies and Humanities.","2020"
"2601","26.01","Biology, General.","2020"
"2701","27.01","Mathematics.","2020"
"3000","30.00","Multi-/Interdisciplinary Studies, General.","2020"
"3020","30.20","International/Globalization Studies.","2020"
"3105","31.05","Sports, Kinesiology, and Physical Education/Fitness.","2020"
"3899","38.99","Philosophy and Religious Studies, Other.","2020"
"4005","40.05","Chemistry.","2020"
"4201","42.01","Psychology, General.","2020"
"4301","43.01","Criminal Justice and Corrections.","2020"
"4400","44.00","Human Services, General.","2020"
"4402","44.02","Community Organization and Advocacy.","2020"
"4404","44.04","Public Administration.","2020"
"4501","45.01","Social Sciences, General.","2020"
"4510","45.10","Political Science and Government.","2020"
"4511","45.11","Sociology.","2020"
"5004","50.04","Design and Applied Arts.","2020"
"5007","50.07","Fine and Studio Arts.","2020"
"5010","50.10","Arts, Entertainment, and Media Management.","2020"
"5100","51.00","Health Services/Allied Health/Health Sciences, General.","2020"
"5107","51.07","Health and Medical Administrative Services.","2020"
"5115","51.15","Mental and Social Health Services and Allied Professions.","2020"
"5122","51.22","Public Health.","2020"
"5123","51.23","Rehabilitation and Therapeutic Professions.","2020"
"5202","52.02","Business Administration, Management and Operations.","2020"
"5203","52.03","Accounting and Related Services.","2020"
"5206","52.06","Business/Managerial Economics.","2020"
"5208","52.08","Finance and Financial Management Services.","2020"
"5210","52.10","Human Resources Management and Services.","2020"
"5212","52.12","Management Information Systems and Services.","2020"
"5221","52.21","Telecommunications Management.","2020"
"5401","54.01","History.","2020"
"0501","05.01","Area Studies.","2020"
"0909","09.09","Public Relations, Advertising, and Applied Communication.","2020"
"1101","11.01","Computer and Information Sciences, General.","2020"
"1107","11.07","Computer Science.","2020"
"1304","13.04","Educational Administration and Supervision.","2020"
"1311","13.11","Student Counseling and Personnel Services.","2020"
"1312","13.12","Teacher Education and Professional Development, Specific Levels and Methods.","2020"
"1405","14.05","Biomedical/Medical Engineering.","2020"
"1409","14.09","Computer Engineering.","2020"
"1410","14.10","Electrical, Electronics, and Communications Engineering.","2020"
"1419","14.19","Mechanical Engineering.","2020"
"1512","15.12","Computer Engineering Technologies/Technicians.","2020"
"1515","15.15","Engineering-Related Fields.","2020"
"1905","19.05","Foods, Nutrition, and Related Services.","2020"
"2613","26.13","Ecology, Evolution, Systematics, and Population Biology.","2020"
"2703","27.03","Applied Mathematics.","2020"
"3802","38.02","Religion/Religious Studies.","2020"
"4509","45.09","International Relations and National Security Studies.","2020"
"5001","50.01","Visual and Performing Arts, General.","2020"
"5009","50.09","Music.","2020"
"5101","51.01","Chiropractic.","2020"
"5106","51.06","Dental Support Services and Allied Professions.","2020"
"5109","51.09","Allied Health Diagnostic, Intervention, and Treatment Professions.","2020"
"5110","51.10","Clinical/Medical Laboratory Science/Research and Allied Professions.","2020"
"5133","51.33","Alternative and Complementary Medicine and Medical Systems.","2020"
"5138","51.38","Registered Nursing, Nursing Administration, Nursing Research and Clinical Nursing.","2020"
"5199","51.99","Health Professions and Related Clinical Sciences, Other.","2020"
"5201","52.01","Business/Commerce, General.","2020"
"5207","52.07","Entrepreneurial and Small Business Operations.","2020"
"5211","52.11","International Business.","2020"
"5213","52.13","Management Sciences and Quantitative Methods.","2020"
"5214","52.14","Marketing.","2020"
"5219","52.19","Specialized Sales, Merchandising and  Marketing Operations.","2020"
"5220","52.20","Construction Management.","2020"
"5299","52.99","Business, Management, Marketing, and Related Support Services, Other.","2020"
"0904","09.04","Journalism.","2020"
"1108","11.08","Computer Software and Media Applications.","2020"
"1110","11.10","Computer/Information Technology Administration and Management.","2020"
"1309","13.09","Social and Philosophical Foundations of Education.","2020"
"1310","13.10","Special Education and Teaching.","2020"
"1314","13.14","Teaching English or French as a Second or Foreign Language.","2020"
"1408","14.08","Civil Engineering.","2020"
"1500","15.00","Engineering Technologies/Technicians, General.","2020"
"1503","15.03","Electrical/Electronic Engineering Technologies/Technicians.","2020"
"1504","15.04","Electromechanical Technologies/Technicians.","2020"
"1506","15.06","Industrial Production Technologies/Technicians.","2020"
"1507","15.07","Quality Control and Safety Technologies/Technicians.","2020"
"1508","15.08","Mechanical Engineering Related Technologies/Technicians.","2020"
"1601","16.01","Linguistic, Comparative, and Related Language Studies and Services.","2020"
"1605","16.05","Germanic Languages, Literatures, and Linguistics.","2020"
"1907","19.07","Human Development, Family Studies, and Related Services.","2020"
"2602","26.02","Biochemistry, Biophysics and Molecular Biology.","2020"
"3023","30.23","Intercultural/Multicultural and Diversity Studies.","2020"
"3030","30.30","Computational Science.","2020"
"3071","30.71","Data Analytics.","2020"
"3099","30.99","Multi/Interdisciplinary Studies, Other.","2020"
"3801","38.01","Philosophy.","2020"
"4006","40.06","Geological and Earth Sciences/Geosciences.","2020"
"4008","40.08","Physics.","2020"
"4099","40.99","Physical Sciences, Other.","2020"
"4228","42.28","Clinical, Counseling and Applied Psychology.","2020"
"4407","44.07","Social Work.","2020"
"4502","45.02","Anthropology.","2020"
"4504","45.04","Criminology.","2020"
"4506","45.06","Economics.","2020"
"4507","45.07","Geography and Cartography.","2020"
"5005","50.05","Drama/Theatre Arts and Stagecraft.","2020"
"5111","51.11","Health/Medical Preparatory Programs.","2020"
"5209","52.09","Hospitality Administration/Management.","2020"
"1315","13.15","Teaching Assistants/Aides.","2020"
"2203","22.03","Legal Support Services.","2020"
"4304","43.04","Security Science and Technology.","2020"
"4399","43.99","Homeland Security, Law Enforcement, Firefighting and Related Protective Services, Other.","2020"
"5108","51.08","Allied Health and Medical Assisting Services.","2020"
"5127","51.27","Medical Illustration and Informatics.","2020"
"5139","51.39","Practical Nursing, Vocational Nursing and Nursing Assistants.","2020"
"1204","12.04","Cosmetology and Related Personal Grooming Services.","2020"
"5135","51.35","Somatic Bodywork and Related Therapeutic Services.","2020"
"0402","04.02","Architecture.","2020"
"0499","04.99","Architecture and Related Services, Other.","2020"
"0502","05.02","Ethnic, Cultural Minority, Gender, and Group Studies.","2020"
"1414","14.14","Environmental/Environmental Health Engineering.","2020"
"1604","16.04","Slavic, Baltic and Albanian Languages, Literatures, and Linguistics.","2020"
"1612","16.12","Classics and Classical Languages, Literatures, and Linguistics.","2020"
"2603","26.03","Botany/Plant Biology.","2020"
"2615","26.15","Neurobiology and Neurosciences.","2020"
"2705","27.05","Statistics.","2020"
"5003","50.03","Dance.","2020"
"5006","50.06","Film/Video and Photographic Arts.","2020"
"1109","11.09","Computer Systems Networking and Telecommunications.","2020"
"1513","15.13","Drafting/Design Engineering Technologies/Technicians.","2020"
"4603","46.03","Electrical and Power Transmission Installers.","2020"
"4605","46.05","Plumbing and Related Water Supply Services.","2020"
"4701","47.01","Electrical/Electronics Maintenance and Repair Technologies/Technicians.","2020"
"4702","47.02","Heating, Air Conditioning, Ventilation and Refrigeration Maintenance Technology/Technician (HAC, HACR, HVAC, HVACR).","2020"
"4706","47.06","Vehicle Maintenance and Repair Technologies/Technicians.","2020"
"0100","01.00","Agriculture, General.","2020"
"0101","01.01","Agricultural Business and Management.","2020"
"0103","01.03","Agricultural Production Operations.","2020"
"0109","01.09","Animal Sciences.","2020"
"0111","01.11","Plant Sciences.","2020"
"0301","03.01","Natural Resources Conservation and Research.","2020"
"0302","03.02","Environmental/Natural Resources Management and Policy.","2020"
"0406","04.06","Landscape Architecture.","2020"
"1302","13.02","Bilingual, Multilingual, and Multicultural Education.","2020"
"1303","13.03","Curriculum and Instruction.","2020"
"1306","13.06","Educational Assessment, Evaluation, and Research.","2020"
"1399","13.99","Education, Other.","2020"
"1401","14.01","Engineering, General.","2020"
"1407","14.07","Chemical Engineering.","2020"
"1412","14.12","Engineering Physics.","2020"
"1418","14.18","Materials Engineering.","2020"
"1427","14.27","Systems Engineering.","2020"
"1435","14.35","Industrial Engineering.","2020"
"1436","14.36","Manufacturing Engineering.","2020"
"1502","15.02","Civil Engineering Technologies/Technicians.","2020"
"1603","16.03","East Asian Languages, Literatures, and Linguistics.","2020"
"1611","16.11","Middle/Near Eastern and Semitic Languages, Literatures, and Linguistics.","2020"
"1616","16.16","American Sign Language.","2020"
"2201","22.01","Law.","2020"
"2202","22.02","Legal Research and Advanced Professional Studies.","2020"
"2299","22.99","Legal Professions and Studies, Other.","2020"
"2604","26.04","Cell/Cellular Biology and Anatomical Sciences.","2020"
"2605","26.05","Microbiological Sciences and Immunology.","2020"
"2607","26.07","Zoology/Animal Biology.","2020"
"2608","26.08","Genetics.","2020"
"2609","26.09","Physiology, Pathology and Related Sciences.","2020"
"2611","26.11","Biomathematics, Bioinformatics, and Computational Biology.","2020"
"3013","30.13","Medieval and Renaissance Studies.","2020"
"3019","30.19","Nutrition Sciences.","2020"
"3026","30.26","Cultural Studies/Critical Theory and Analysis.","2020"
"3070","30.70","Data Science.","2020"
"4010","40.10","Materials Sciences.","2020"
"4227","42.27","Research and Experimental Psychology.","2020"
"4405","44.05","Public Policy Analysis.","2020"
"4512","45.12","Urban Studies/Affairs.","2020"
"5102","51.02","Communication Disorders Sciences and Services.","2020"
"5104","51.04","Dentistry.","2020"
"5105","51.05","Advanced/Graduate Dentistry and Oral Sciences.","2020"
"5112","51.12","Medicine.","2020"
"5114","51.14","Medical Clinical Sciences/Graduate Medical Studies.","2020"
"5120","51.20","Pharmacy, Pharmaceutical Sciences, and Administration.","2020"
"5131","51.31","Dietetics and Clinical Nutrition Services.","2020"
"5215","52.15","Real Estate.","2020"
"1203","12.03","Funeral Service and Mortuary Science.","2020"
"5118","51.18","Ophthalmic and Optometric Support Services and Allied Professions.","2020"
"1505","15.05","Environmental Control Technologies/Technicians.","2020"
"4805","48.05","Precision Metal Working.","2020"
"1104","11.04","Information Science/Studies.","2020"
"1447","14.47","Electrical and Computer Engineering.","2020"
"4299","42.99","Psychology, Other.","2020"
"4513","45.13","Sociology and Anthropology.","2020"
"5216","52.16","Taxation.","2020"
"0106","01.06","Applied Horticulture and Horticultural Business Services.","2020"
"0183","01.83","Veterinary/Animal Health Technologies/Technicians.","2020"
"1001","10.01","Communications Technologies/Technicians.","2020"
"1002","10.02","Audiovisual Communications Technologies/Technicians.","2020"
"1102","11.02","Computer Programming.","2020"
"1103","11.03","Data Processing.","2020"
"1106","11.06","Data Entry/Microcomputer Applications.","2020"
"1205","12.05","Culinary Arts and Related Services.","2020"
"1413","14.13","Engineering Science.","2020"
"1442","14.42","Mechatronics, Robotics, and Automation Engineering.","2020"
"1501","15.01","Architectural Engineering Technologies/Technicians.","2020"
"1510","15.10","Construction Engineering Technology/Technician.","2020"
"1511","15.11","Engineering-Related Technologies/Technicians.","2020"
"1517","15.17","Energy Systems Technologies/Technicians.","2020"
"2314","23.14","Literature.","2020"
"2503","25.03","Library and Archives Assisting.","2020"
"2612","26.12","Biotechnology.","2020"
"3011","30.11","Gerontology.","2020"
"3017","30.17","Behavioral Sciences.","2020"
"3028","30.28","Dispute Resolution.","2020"
"3201","32.01","Basic Skills and Developmental/Remedial Education.","2020"
"4102","41.02","Nuclear and Industrial Radiologic Technologies/Technicians.","2020"
"4302","43.02","Fire Protection.","2020"
"4303","43.03","Homeland Security.","2020"
"4503","45.03","Archeology.","2020"
"4901","49.01","Air Transportation.","2020"
"5204","52.04","Business Operations Support and Assistant Services.","2020"
"3005","30.05","Peace Studies and Conflict Resolution.","2020"
"3902","39.02","Bible/Biblical Studies.","2020"
"3906","39.06","Theological and Ministerial Studies.","2020"
"3907","39.07","Pastoral Counseling and Specialized Ministries.","2020"
"0409","04.09","Architectural Sciences and Technology.","2020"
"1402","14.02","Aerospace, Aeronautical, and Astronautical/Space Engineering.","2020"
"1499","14.99","Engineering, Other.","2020"
"1599","15.99","Engineering/Engineering-Related Technologies/Technicians, Other.","2020"
"5099","50.99","Visual and Performing Arts, Other.","2020"
"5217","52.17","Insurance.","2020"
"5218","52.18","General Sales, Merchandising and Related Marketing Operations.","2020"
"3999","39.99","Theology and Religious Vocations, Other.","2020"
"5002","50.02","Crafts/Craft Design, Folk Art and Artisanry.","2020"
"4699","46.99","Construction Trades, Other.","2020"
"4902","49.02","Ground Transportation.","2020"
"0405","04.05","Interior Architecture.","2020"
"2200","22.00","Non-Professional Legal Studies.","2020"
"2699","26.99","Biological and Biomedical Sciences, Other.","2020"
"4101","41.01","Biology/Biotechnology Technologies/Technicians.","2020"
"4499","44.99","Public Administration and Social Service Professions, Other.","2020"
"0105","01.05","Agricultural and Domestic Animal Services.","2020"
"5132","51.32","Health Professions Education, Ethics, and Humanities.","2020"
"1105","11.05","Computer Systems Analysis.","2020"
"3033","30.33","Sustainability Studies.","2020"
"0110","01.10","Food Science and Technology.","2020"
"0999","09.99","Communication, Journalism, and Related Programs, Other.","2020"
"1901","19.01","Family and Consumer Sciences/Human Sciences, General.","2020"
"1516","15.16","Nanotechnology.","2020"
"2501","25.01","Library Science and Administration.","2020"
"3103","31.03","Parks, Recreation, and Leisure Facilities Management.","2020"
"0403","04.03","City/Urban, Community, and Regional Planning.","2020"
"1199","11.99","Computer and Information Sciences and Support Services, Other.","2020"
"1699","16.99","Foreign Languages, Literatures, and Linguistics, Other.","2020"
"2399","23.99","English Language and Literature/Letters, Other.","2020"
"3014","30.14","Museology/Museum Studies.","2020"
"4001","40.01","Physical Sciences, General.","2020"
"1422","14.22","Naval Architecture and Marine Engineering.","2020"
"1437","14.37","Operations Research.","2020"
"3001","30.01","Biological and Physical Sciences.","2020"
"3015","30.15","Science, Technology and Society.","2020"
"3022","30.22","Classical and Ancient Studies.","2020"
"4002","40.02","Astronomy and Astrophysics.","2020"
"4599","45.99","Social Sciences, Other.","2020"
"3601","36.01","Leisure and Recreational Activities.","2020"
"4004","40.04","Atmospheric Sciences and Meteorology.","2020"
"2610","26.10","Pharmacology and Toxicology.","2020"
"3008","30.08","Mathematics and Computer Science.","2020"
"3025","30.25","Cognitive Science.","2020"
"3800","38.00","Philosophy and Religious Studies, General.","2020"
"3903","39.03","Missions/Missionary Studies and Missiology.","2020"
"3905","39.05","Religious Music and Worship.","2020"
"3031","30.31","Human Computer Interaction.","2020"
"1003","10.03","Graphic Communications.","2020"
"4604","46.04","Building/Construction Finishing, Management, and Inspection.","2020"
"3101","31.01","Parks, Recreation, and Leisure Studies.","2020"
"4703","47.03","Heavy/Industrial Equipment Maintenance Technologies/Technicians.","2020"
"4807","48.07","Woodworking.","2020"
"4903","49.03","Marine Transportation.","2020"
"5126","51.26","Health Aides/Attendants/Orderlies.","2020"
"0305","03.05","Forestry.","2020"
"0306","03.06","Wildlife and Wildlands Science and Management.","2020"
"1403","14.03","Agricultural Engineering.","2020"
"1433","14.33","Construction Engineering.","2020"
"1438","14.38","Surveying Engineering.","2020"
"3029","30.29","Maritime Studies.","2020"
"3032","30.32","Marine Sciences.","2020"
"3034","30.34","Anthrozoology.","2020"
"4100","41.00","Science Technologies/Technicians, General.","2020"
"0303","03.03","Fishing and Fisheries Sciences and Management.","2020"
"5205","52.05","Business/Corporate Communications.","2020"
"4707","47.07","Energy Systems Maintenance and Repair Technologies/Technicians.","2020"
"3401","34.01","Health-Related Knowledge and Skills.","2020"
"5137","51.37","Energy and Biologically Based Therapies.","2020"
"0113","01.13","Agriculture/Veterinary Preparatory Programs.","2020"
"1610","16.10","American Indian/Native American Languages, Literatures, and Linguistics.","2020"
"2902","29.02","Intelligence, Command Control and Information Operations.","2020"
"3106","31.06","Outdoor Education.","2020"
"4799","47.99","Mechanic and Repair Technologies/Technicians, Other.","2020"
"3027","30.27","Human Biology.","2020"
"0408","04.08","Architectural History, Criticism, and Conservation.","2020"
"5302","53.02","High School/Secondary Certificate Programs.","2020"
"0404","04.04","Environmental Design.","2020"
"0410","04.10","Real Estate Development.","2020"
"1307","13.07","International and Comparative Education.","2020"
"3018","30.18","Natural Sciences.","2020"
"3904","39.04","Religious Education.","2020"
"2614","26.14","Molecular Medicine.","2020"
"2799","27.99","Mathematics and Statistics, Other.","2020"
"3006","30.06","Systems Science and Theory.","2020"
"3012","30.12","Historic Preservation and Conservation.","2020"
"3049","30.49","Mathematical Economics.","2020"
"3044","30.44","Geography and Environmental Studies.","2020"
"1299","12.99","Culinary, Entertainment, and Personal Services, Other.","2020"
"3053","30.53","Thanatology.","2020"
"4103","41.03","Physical Science Technologies/Technicians.","2020"
"3046","30.46","History and Political Science.","2020"
"0910","09.10","Publishing.","2020"
"3052","30.52","Digital Humanities and Textual Studies.","2020"
"1099","10.99","Communications Technologies/Technicians and Support Services, Other.","2020"
"1902","19.02","Family and Consumer Sciences/Human Sciences Business Services.","2020"
"1909","19.09","Apparel and Textiles.","2020"
"0107","01.07","International Agriculture.","2020"
"1602","16.02","African Languages, Literatures, and Linguistics.","2020"
"1606","16.06","Modern Greek Language and Literature.","2020"
"1607","16.07","South Asian Languages, Literatures, and Linguistics.","2020"
"1613","16.13","Celtic Languages, Literatures, and Linguistics.","2020"
"1614","16.14","Southeast Asian and Australasian/Pacific Languages, Literatures, and Linguistics.","2020"
"1615","16.15","Turkic, Uralic-Altaic, Caucasian, and Central Asian Languages, Literatures, and Linguistics.","2020"
"2706","27.06","Applied Statistics.","2020"
"4505","45.05","Demography.","2020"
"3041","30.41","Environmental Geosciences.","2020"
"1432","14.32","Polymer/Plastics Engineering.","2020"
"0399","03.99","Natural Resources and Conservation, Other.","2020"
"3048","30.48","Linguistics and Computer Science.","2020"
"3301","33.01","Citizenship Activities.","2020"
"5117","51.17","Optometry.","2020"
"1423","14.23","Nuclear Engineering.","2020"
"3039","30.39","Economics and Computer Science.","2020"
"1448","14.48","Energy Systems Engineering.","2020"
"3016","30.16","Accounting and Computer Science.","2020"
"1411","14.11","Engineering Mechanics.","2020"
"5134","51.34","Alternative and Complementary Medical Support Services.","2020"
"4602","46.02","Carpenters.","2020"
"4704","47.04","Precision Systems Maintenance and Repair Technologies/Technicians.","2020"
"4899","48.99","Precision Production, Other.","2020"
"3021","30.21","Holocaust and Related Studies.","2020"
"0599","05.99","Area, Ethnic, Cultural, Gender, and Group Studies, Other.","2020"
"2599","25.99","Library Science, Other.","2020"
"3010","30.10","Biopsychology.","2020"
"3199","31.99","Parks, Recreation, Leisure, Fitness, and Kinesiology, Other.","2020"
"0180","01.80","Veterinary Medicine.","2020"
"0181","01.81","Veterinary Biomedical and Clinical Sciences.","2020"
"1404","14.04","Architectural Engineering.","2020"
"1441","14.41","Electromechanical Engineering.","2020"
"1445","14.45","Biological/Biosystems Engineering.","2020"
"1906","19.06","Housing and Human Environments.","2020"
"0199","01.99","Agricultural/Animal/Plant/Veterinary Science and Related Fields, Other.","2020"
"1424","14.24","Ocean Engineering.","2020"
"3035","30.35","Climate Science.","2020"
"4199","41.99","Science Technologies/Technicians, Other.","2020"
"5136","51.36","Movement and Mind-Body Therapies and Education.","2020"
"4600","46.00","Construction Trades, General.","2020"
"1443","14.43","Biochemical Engineering.","2020"
"3038","30.38","Earth Systems Science.","2020"
"4800","48.00","Precision Production Trades, General.","2020"
