"unit_id","ope_id","ope_id6","institution_name","city","state_code","zip_code","accrediting_agency","institution_url","net_price_calculator_url","latitude","longitude"
"128498","137400","1374","Albertus Magnus College","New Haven","CT","06511-1189","New England Commission on Higher Education","https://www.albertus.edu/","https://www.albertus.edu/admission-aid/financial-aid/net-price-calculator.php","41.332519","-72.923848"
"128744","141600","1416","University of Bridgeport","Bridgeport","CT","06604-5620","New England Commission on Higher Education","www.bridgeport.edu/","www.bridgeport.edu/cost-financial-aid/net-price-calculator","41.164741","-73.190166"
"128771","137800","1378","Central Connecticut State University","New Britain","CT","6050","New England Commission on Higher Education","www.ccsu.edu/","www.ccsu.edu/financial-aid/net-price-calculator","41.692502","-72.765991"
"128780","3234300","32343","Charter Oak State College","New Britain","CT","6051","New England Commission on Higher Education","https://www.charteroak.edu/","https://www.charteroak.edu/net-price-calculator","41.666848","-72.781239"
"128896","2316600","23166","Cortiva Institute","Cromwell","CT","6416","Middle States Commission on Secondary Education","www.cortiva.edu/","www.cortiva.edu/consumer-information","41.604041","-72.678562"
"128902","137900","1379","Connecticut College","New London","CT","06320-4196","New England Commission on Higher Education","www.conncoll.edu/","https://conncoll.studentaidcalculator.com/survey.aspx","41.379833","-72.107321"
"129002","730500","7305","Porter & Chester Institute of Hamden","Hamden","CT","6514","Accrediting Commission of Career Schools and Colleges","www.porterchester.edu/","www.porterchester.edu/financial-aid/calculator/","41.346568","-72.931908"
"129020","141700","1417","University of Connecticut","Storrs","CT","6269","New England Commission on Higher Education","https://uconn.edu/","https://financialaid.uconn.edu/pricecalc/","41.809098","-72.249948"
"129154","2244900","22449","Goodwin University","East Hartford","CT","6118","New England Commission on Higher Education","www.goodwin.edu/","www.goodwin.edu/institutional-effectiveness/npcalc/npcalc.htm","41.742977","-72.64032"
"129181","730306","7303","Lincoln Technical Institute-East Windsor","East Windsor","CT","6088","Accrediting Commission of Career Schools and Colleges","www.lincolntech.edu/campus/east-windsor-ct","www.lincolntech.edu/net-price-calculator","41.924248","-72.596915"
"129215","142500","1425","Eastern Connecticut State University","Willimantic","CT","6226","New England Commission on Higher Education","https://www.easternct.edu/","https://www.easternct.edu/financial-aid/costs/net-price-calculator.html","41.721673","-72.218753"
"129242","138500","1385","Fairfield University","Fairfield","CT","06824-5195","New England Commission on Higher Education","fairfield.edu/","collegepricecalculator.com/fairfielduniversity","41.157673","-73.255903"
"129349","2112700","21127","Paul Mitchell the School-North Haven","North Haven","CT","6473","National Accrediting Commission of Career Arts and Sciences","paulmitchell.edu/northhaven","https://paulmitchell.edu/northhaven/tuition-calculator","41.394495","-72.85745"
"129367","763500","7635","Connecticut State Community College","New Britain","CT","6051","New England Commission on Higher Education","https://ctstate.edu/","ctstate.edu/net-price-calculator","41.768397","-72.672734"
"129482","2106600","21066","American Institute-West Hartford","West Hartford","CT","06110-1922","Accrediting Bureau of Health Education Schools","americaninstitute.edu/","www.americaninstitute.edu/npc/west-hartford.htm","41.727016","-72.725762"
"129491","138700","1387","Hartford International University for Religion and Peace","Hartford","CT","06105-2260","Commission on Accrediting of the Association of Theological Schools","www.hartfordinternational.edu/","https://www.hartfordinternational.edu/interreligious-peace-studies-programs/admissions-aid/financial-aid/cost-attendance","41.769861","-72.707766"
"129525","142200","1422","University of Hartford","West Hartford","CT","06117-1599","New England Commission on Higher Education","www.hartford.edu/","https://www.hartford.edu/admission/tuition-fees/tuition-calculator.aspx","41.798591","-72.715213"
"129534","138900","1389","Holy Apostles College and Seminary","Cromwell","CT","06416-2005","New England Commission on Higher Education","www.holyapostles.edu/","https://www.holyapostles.edu/static/npc/npcalc.htm","41.60682","-72.647853"
"129774","139300","1393","Mitchell College","New London","CT","6320","New England Commission on Higher Education","https://www.mitchell.edu/","https://npc.collegeboard.org/app/mitchell","41.328013","-72.09523"
"129923","730300","7303","Lincoln Technical Institute-New Britain","New Britain","CT","6051","Accrediting Commission of Career Schools and Colleges","www.lincolntech.edu/campus/new-britain-ct","www.lincolntech.edu/net-price-calculator","41.659236","-72.754498"
"129932","2202500","22025","New England Tractor Trailer Training School of Connecticut","Somers","CT","6071","Accrediting Commission of Career Schools and Colleges","www.nettts.com/","https://nettts.com/price-calculator/","41.979699","-72.450218"
"129941","139700","1397","University of New Haven","West Haven","CT","06516-1916","New England Commission on Higher Education","www.newhaven.edu/","https://www.newhaven.edu/admissions/financial-aid/undergraduate/prospective/estimate.php","41.291314","-72.961472"
"130174","1077900","10779","Porter & Chester Institute","Bridgeport","CT","6610","Accrediting Commission of Career Schools and Colleges","www.porterchester.edu/","www.porterchester.edu/financial-aid/calculator/","41.200813","-73.187731"
"130183","140100","1401","Post University","Waterbury","CT","6723","New England Commission on Higher Education","www.post.edu/","https://www.post.edu/financial-aid/net-price-calculator","41.535549","-73.081497"
"130226","140200","1402","Quinnipiac University","Hamden","CT","6518","New England Commission on Higher Education","www.qu.edu/","https://www.qu.edu/paying-for-college/undergraduate/costs-and-budgets/net-price-calculator/","41.418915","-72.894117"
"130253","140300","1403","Sacred Heart University","Fairfield","CT","06825-1000","New England Commission on Higher Education","https://www.sacredheart.edu/","https://www.sacredheart.edu/admissions--aid/financial-assistance/full-time-undergraduates/net-price-calculator/","41.220893","-73.243332"
"130314","140900","1409","University of Saint Joseph","West Hartford","CT","6117","New England Commission on Higher Education","https://www.usj.edu/","https://www.usj.edu/admissions/tuition-financial-aid/net-price-calculator/","41.781041","-72.72965"
"130493","140600","1406","Southern Connecticut State University","New Haven","CT","06515-1355","New England Commission on Higher Education","www.southernct.edu/","go.southernct.edu/netpricecalculator/","41.333225","-72.947897"
"130590","141400","1414","Trinity College","Hartford","CT","06106-3100","New England Commission on Higher Education","https://www.trincoll.edu/","https://npc.collegeboard.org/app/trinitycollege","41.747451","-72.690882"
"130624","141500","1415","United States Coast Guard Academy","New London","CT","6320","","https://www.uscga.edu/","https://www.uscga.edu/cost-and-tuition/","41.375823","-72.101583"
"130697","142400","1424","Wesleyan University","Middletown","CT","6459","New England Commission on Higher Education","https://www.wesleyan.edu/","https://www.wesleyan.edu/admission/affordability-and-aid/cost-of-attendance.html#calculators","41.554665","-72.657146"
"130776","138000","1380","Western Connecticut State University","Danbury","CT","06810-6826","New England Commission on Higher Education","https://www.wcsu.edu/","https://www.wcsu.edu/finaid/net-price-calculator/","41.400365","-73.444264"
"130794","142600","1426","Yale University","New Haven","CT","6520","New England Commission on Higher Education","https://www.yale.edu/","https://admissions.yale.edu/estimate-your-cost","41.311158","-72.926688"
"160959","1138500","11385","College of the Atlantic","Bar Harbor","ME","4609","New England Commission on Higher Education","https://www.coa.edu/","https://npc.collegeboard.org/app/atlantic","44.395258","-68.221517"
"160977","203600","2036","Bates College","Lewiston","ME","4240","New England Commission on Higher Education","www.bates.edu/","https://npc.collegeboard.org/app/bates","44.105299","-70.203333"
"160995","520400","5204","Beal University","Bangor","ME","4401","Accrediting Commission of Career Schools and Colleges","www.beal.edu/","www.beal.edu/consumer-information/","44.786465","-68.785428"
"161004","203800","2038","Bowdoin College","Brunswick","ME","4011","New England Commission on Higher Education","https://www.bowdoin.edu/","https://npc.collegeboard.org/app/bowdoin","43.907134","-69.963942"
"161022","630500","6305","Maine College of Health Professions","Lewiston","ME","4240","New England Commission on Higher Education","www.mchp.edu/","www.mchp.edu/net-price-calculator","44.100458","-70.21732"
"161077","527600","5276","Central Maine Community College","Auburn","ME","04210-6436","New England Commission on Higher Education","https://www.cmcc.edu/","https://www.cmcc.edu/npc/npcalc.htm","44.134346","-70.235498"
"161086","203900","2039","Colby College","Waterville","ME","04901-8840","New England Commission on Higher Education","www.colby.edu/","https://npc.collegeboard.org/app/colby","44.564211","-69.66337"
"161138","527700","5277","Eastern Maine Community College","Bangor","ME","4401","New England Commission on Higher Education","https://www.emcc.edu/","https://www.emcc.edu/wp-content/uploads/2023/02/index.html","44.826048","-68.74445"
"161192","982600","9826","Kennebec Valley Community College","Fairfield","ME","04937-1367","New England Commission on Higher Education","www.kvcc.me.edu/","https://my.kvcc.me.edu/ICS/Finances/Finances_Homepage.jnz?portlet=Net_Price_Calculator","44.594149","-69.61157"
"161208","2361300","23613","The Landing School","Arundel","ME","4046","Accrediting Commission of Career Schools and Colleges","www.landingschool.edu/","https://www.landingschool.edu/net-price-calculator","43.380492","-70.503619"
"161217","676000","6760","University of Maine at Augusta","Augusta","ME","04330-9410","New England Commission on Higher Education","www.uma.edu/","www.uma.edu/financial/costs/net-cost-calculator/","44.337746","-69.796396"
"161226","204000","2040","University of Maine at Farmington","Farmington","ME","04938-9978","New England Commission on Higher Education","https://www.umf.maine.edu/","https://www.umf.maine.edu/admissions-aid/umf-net-price-calculator/","44.666911","-70.147121"
"161235","204100","2041","University of Maine at Fort Kent","Fort Kent","ME","04743-1292","New England Commission on Higher Education","www.umfk.maine.edu/","https://www.umfk.edu/admissions/financialaid/basics/","47.250389","-68.589319"
"161253","205300","2053","University of Maine","Orono","ME","4469","New England Commission on Higher Education","www.umaine.edu/","https://go.umaine.edu/netpricecalculator/","44.899257","-68.669332"
"161299","204400","2044","Maine Maritime Academy","Castine","ME","04420-0001","New England Commission on Higher Education","https://mainemaritime.edu/","https://npc.collegeboard.org/app/mainemaritime","44.389654","-68.804347"
"161341","203300","2033","University of Maine at Presque Isle","Presque Isle","ME","04769-2888","New England Commission on Higher Education","www.umpi.edu/","www.umpi.edu/app/tuition-fees-estimator/","46.672285","-68.016343"
"161457","205000","2050","University of New England","Biddeford","ME","04005-9599","New England Commission on Higher Education","https://www.une.edu/","https://www.une.edu/sfs/undergraduate/costs","43.458591","-70.38535"
"161484","576000","5760","Northern Maine Community College","Presque Isle","ME","04769-2016","New England Commission on Higher Education","www.nmcc.edu/","www2.nmcc.edu/npc/","46.694668","-68.034796"
"161493","945900","9459","Empire Beauty School-Maine","Bangor","ME","4401","National Accrediting Commission of Career Arts and Sciences","www.empire.edu/","www.empire.edu/consumer-information/net-price-calculator","44.824546","-68.777161"
"161509","1167300","11673","Maine College of Art & Design","Portland","ME","04101-3494","New England Commission on Higher Education","www.meca.edu/","meca.edu/admissions/net-price-calculator/","43.655743","-70.261015"
"161518","205100","2051","Saint Joseph's College of Maine","Standish","ME","04084-5263","New England Commission on Higher Education","www.sjcme.edu/","https://www.sjcme.edu/admissions/oncampus/costs-and-billing/calculators/","43.826314","-70.483373"
"161527","2104400","21044","Spa Tech Institute-Westbrook","Westbrook","ME","4092","National Accrediting Commission of Career Arts and Sciences","www.spatech.edu/","www.spatech.edu/consumer-information","43.67659","-70.335331"
"161545","552500","5525","Southern Maine Community College","South Portland","ME","04106-1698","New England Commission on Higher Education","https://www.smccme.edu/","https://www.smccme.edu/about/consumer-info/net-price-calculator/","43.646649","-70.229182"
"161554","205400","2054","University of Southern Maine","Portland","ME","4103","New England Commission on Higher Education","usm.maine.edu/","usm.maine.edu/student-financial-services/net-price-calculator","43.662863","-70.274247"
"161563","205200","2052","Thomas College","Waterville","ME","04901-5097","New England Commission on Higher Education","www.thomas.edu/","https://www.thomas.edu/admissions-aid/tuition-fees/net-price-calculator/","44.524909","-69.664734"
"161572","685800","6858","Unity Environmental University","New Gloucester","ME","4260","New England Commission on Higher Education","https://unity.edu/","https://app.meadowfi.com/unity","43.905745","-70.257277"
"161581","923100","9231","Washington County Community College","Calais","ME","4619","New England Commission on Higher Education","https://www.wccc.me.edu/","https://www.wccc.me.edu/npcalc/npcalc.htm","45.165537","-67.243306"
"164368","4143200","41432","Hult International Business School","Cambridge","MA","2141","New England Commission on Higher Education","www.hult.edu/","https://hult.formstack.com/forms/bba_net_price_calculator","42.369968","-71.070645"
"164447","211400","2114","American International College","Springfield","MA","1109","New England Commission on Higher Education","www.aic.edu/","https://www.aic.edu/admissions/tuition-and-financial-aid/net-price-calculator/","42.112346","-72.558338"
"164465","211500","2115","Amherst College","Amherst","MA","01002-5000","New England Commission on Higher Education","www.amherst.edu/","https://npc.collegeboard.org/student/app/amherst","42.372459","-72.518493"
"164492","211700","2117","Anna Maria College","Paxton","MA","01612-1198","New England Commission on Higher Education","www.annamaria.edu/","www.annamaria.edu/admission/financial-aid/net-price-calculator/#Net","42.330542","-71.91896"
"164535","2169900","21699","Assabet Valley Regional Technical School","Marlborough","MA","1752","Accreditation Commission for Education in Nursing","www.assabet.org/","www.assabet.org/UserFiles/Servers/Server_82103/Media/NetPrice/NetPriceCalculator.html","42.36775","-71.567281"
"164562","211800","2118","Assumption University","Worcester","MA","01609-1296","New England Commission on Higher Education","https://www.assumption.edu/","https://www.assumption.edu/admissions-financial-aid/undergraduate-admissions-and-financial-aid/undergraduate-tuition-and-fees","42.294226","-71.828991"
"164580","212100","2121","Babson College","Wellesley","MA","02457-0310","New England Commission on Higher Education","www.babson.edu/","npc.collegeboard.org/app/babson","42.297017","-71.264057"
"164614","3248300","32483","Boston Baptist College","Boston","MA","02136-4030","Transnational Association of Christian Colleges and Schools","www.boston.edu/","www.collegeraptor.com/Shopping/Full/164614?modeltype=3","42.254037","-71.1103"
"164632","212200","2122","Bay Path University","Longmeadow","MA","1106","New England Commission on Higher Education","www.baypath.edu/","www.baypath.edu/undergraduate-experience/financial-aid/net-price-calculator","42.055088","-72.583382"
"164739","212400","2124","Bentley University","Waltham","MA","02452-4705","New England Commission on Higher Education","www.bentley.edu/","https://npc.collegeboard.org/student/app/bentley","42.385995","-71.222839"
"164748","212600","2126","Berklee College of Music","Boston","MA","2215","New England Commission on Higher Education","www.berklee.edu/","www.berklee.edu/paying-for-your-education/net-price-calculator","42.346646","-71.089405"
"164775","216700","2167","Berkshire Community College","Pittsfield","MA","01201-5786","New England Commission on Higher Education","www.berkshirecc.edu/","https://www.berkshirecc.edu/paying-for-college/cost-of-attendance/index.php","42.45975","-73.314704"
"164872","396600","3966","Boston Architectural College","Boston","MA","02115-2703","New England Commission on Higher Education","www.the-bac.edu/","the-bac.edu/financial-aid/net-price-calculator","42.348467","-71.085786"
"164915","3194300","31943","Boston Graduate School of Psychoanalysis Inc","Brookline","MA","2446","New England Commission on Higher Education","https://www.bgsp.edu/","https://bgsp.edu/admissions-and-financial-aid/program-costs/","42.33912","-71.133151"
"164924","212800","2128","Boston College","Chestnut Hill","MA","2467","New England Commission on Higher Education","www.bc.edu/","https://npc.collegeboard.org/student/app/bc","42.336213","-71.169242"
"164988","213000","2130","Boston University","Boston","MA","2215","New England Commission on Higher Education","www.bu.edu/","www.bu.edu/finaid/aid-basics/cost-of-education/net-price-calculator/","42.351118","-71.107942"
"165015","213300","2133","Brandeis University","Waltham","MA","02454-9110","New England Commission on Higher Education","https://www.brandeis.edu/","https://www.brandeis.edu/student-financial-services/affordability.html","42.365727","-71.260155"
"165024","218300","2183","Bridgewater State University","Bridgewater","MA","2325","New England Commission on Higher Education","www.bridgew.edu/","www.bridgew.edu/office/financial-aid/net-price-calulator","41.98749","-70.974553"
"165033","217600","2176","Bristol Community College","Fall River","MA","02720-7395","New England Commission on Higher Education","www.bristolcc.edu/","https://bristolcc.edu/getstartedatbristol/financesatbristol/studentaccounts/npc.html","41.721994","-71.119133"
"165060","632200","6322","Signature Healthcare Brockton Hospital School of Nursing","Brockton","MA","02302-1905","Accreditation Commission for Education in Nursing","https://signature-healthcare.org/bhson","https://signature-healthcare.org/bhson/financial-aid-calculator","42.088032","-70.992764"
"165112","1121000","11210","Bunker Hill Community College","Boston","MA","02129-2925","New England Commission on Higher Education","www.bhcc.edu/","www.bhcc.edu/financialaid/costofattendanceanddeterminingneed/","42.374806","-71.069263"
"165167","2182900","21829","Cambridge College","Boston","MA","2129","New England Commission on Higher Education","www.cambridgecollege.edu/","www.cambridgecollege.edu/net-price-calculator/","42.381091","-71.072646"
"165194","216800","2168","Cape Cod Community College","West Barnstable","MA","02668-1599","New England Commission on Higher Education","www.capecod.edu/","https://www.capecod.edu/paying-for-college/net-price-calculator/","41.691911","-70.337334"
"165255","2220400","22204","Catherine Hinds Institute of Esthetics","Woburn","MA","01801-6819","Accrediting Commission of Career Schools and Colleges","www.catherinehinds.edu/","catherinehinds.edu/net-price-calculator/","42.493212","-71.13715"
"165264","632400","6324","Laboure College of Healthcare","Milton","MA","2186","New England Commission on Higher Education","https://www.laboure.edu/","https://www.laboure.edu/tuition-financial-aid/net-price-calculator","42.260866","-71.058279"
"165334","213900","2139","Clark University","Worcester","MA","01610-1477","New England Commission on Higher Education","www.clarku.edu/","www.clarku.edu/offices/financial-aid/prospective-students/u-s-students/","42.249987","-71.823356"
"165495","2274300","22743","Conway School of Landscape Design","Northampton","MA","1060","New England Commission on Higher Education","www.csld.edu/","csld.edu/admissions/tuition-financialaid/","42.313857","-72.64875"
"165529","214300","2143","Curry College","Milton","MA","02186-2395","New England Commission on Higher Education","https://www.curry.edu/","https://www.curry.edu/npc","42.238061","-71.116539"
"165574","214400","2144","Dean College","Franklin","MA","02038-1941","New England Commission on Higher Education","www.dean.edu/","www.dean.edu/net-price-calculator.aspx","42.085634","-71.397813"
"165608","551900","5519","Diman Regional Technical Institute","Fall River","MA","2720","Council on Occupational Education","https://www.dimanregional.org/our-programs/practical-nursing","www.dimanregional.org/our-programs/practical-nursing","41.718422","-71.155011"
"165635","613600","6136","National Aviation Academy of New England","Concord","MA","1742","Accrediting Commission of Career Schools and Colleges","www.naa.edu/","www.naa.edu/consumer-information","42.462164","-71.387244"
"165662","214600","2146","Emerson College","Boston","MA","02116-4624","New England Commission on Higher Education","www.emerson.edu/","https://npc.collegeboard.org/student/app/emerson","42.352202","-71.065384"
"165671","214700","2147","Emmanuel College","Boston","MA","2115","New England Commission on Higher Education","www.emmanuel.edu/","https://collegepricecalculator.com/emmanuelcollege","42.340602","-71.103634"
"165699","214800","2148","Endicott College","Beverly","MA","1915","New England Commission on Higher Education","www.endicott.edu/","app.meadowfi.com/endicott","42.553296","-70.840847"
"165750","1294800","12948","Rob Roy Academy-Fall River","Fall River","MA","02721-5330","National Accrediting Commission of Career Arts and Sciences","www.rob-roy.com/","www.rob-roy.com/netpricecalculator/npcalc.htm","41.698905","-71.157664"
"165802","215000","2150","Fisher College","Boston","MA","2116","New England Commission on Higher Education","https://www.fisher.edu/","https://www.fisher.edu/admissions-aid/net-price-calculator","42.355253","-71.074125"
"165820","218400","2184","Fitchburg State University","Fitchburg","MA","01420-2697","New England Commission on Higher Education","www.fitchburgstate.edu/","www.fitchburgstate.edu/admissions-aid/financial-aid/net-price-calculator","42.588298","-71.789666"
"165866","218500","2185","Framingham State University","Framingham","MA","01701-9101","New England Commission on Higher Education","www.framingham.edu/","https://npc.collegeboard.org/app/framingham","42.297116","-71.437565"
"165884","215100","2151","Benjamin Franklin Cummings Institute of Technology","Boston","MA","2116","New England Commission on Higher Education","www.bfit.edu/","npc.collegeboard.org/app/bfit","42.346023","-71.070231"
"165936","215300","2153","Gordon College","Wenham","MA","1984","New England Commission on Higher Education","www.gordon.edu/","www.gordon.edu/netpricecalculator","42.590567","-70.82151"
"165945","974700","9747","Gordon-Conwell Theological Seminary","South Hamilton","MA","1982","Commission on Accrediting of the Association of Theological Schools","www.gordonconwell.edu/","","42.613475","-70.846387"
"165981","216900","2169","Greenfield Community College","Greenfield","MA","01301-9739","New England Commission on Higher Education","www.gcc.mass.edu/","https://www.gcc.mass.edu/financial-aid/net-price-calculator/","42.599512","-72.630977"
"166018","466100","4661","Hampshire College","Amherst","MA","01002-5001","New England Commission on Higher Education","https://www.hampshire.edu/","https://www.hampshire.edu/net-price-calculator","42.325852","-72.531469"
"166027","215500","2155","Harvard University","Cambridge","MA","2138","New England Commission on Higher Education","www.harvard.edu/","college.harvard.edu/financial-aid/net-price-calculator","42.374471","-71.118313"
"166045","215700","2157","Hebrew College","Newton","MA","02466-3008","New England Commission on Higher Education","https://hebrewcollege.edu/","https://hebrewcollege.edu/admissions/tuition-and-fees/","42.335716","-71.241226"
"166054","215400","2154","Hellenic College-Holy Cross Greek Orthodox School of Theology","Brookline","MA","02445-7415","New England Commission on Higher Education","www.hchc.edu/","www.hchc.edu/assets/files/FinancialAid/npcalc.htm","42.317018","-71.129418"
"166124","214100","2141","College of the Holy Cross","Worcester","MA","01610-2395","New England Commission on Higher Education","https://www.holycross.edu/","https://www.holycross.edu/financial-aid/financial-aid-calculator","42.23752","-71.808214"
"166133","217000","2170","Holyoke Community College","Holyoke","MA","1040","New England Commission on Higher Education","www.hcc.edu/","www.hcc.edu/tuition-and-aid/tuition-and-fees/net-price-calculator","42.194781","-72.651252"
"166391","215800","2158","Lasell University","Newton","MA","2466","New England Commission on Higher Education","www.lasell.edu/","https://lasell.clearcostcalculator.com/student/default/netpricecalculator/survey","42.342148","-71.24347"
"166407","633100","6331","Lawrence Memorial Hospital School of Nursing","Medford","MA","2155","Accreditation Commission for Education in Nursing","www.lmregis.org/","https://lmregis.org/wp-content/uploads/Net-Price-Calculator.html","42.42581","-71.110958"
"166452","216000","2160","Lesley University","Cambridge","MA","02138-2790","New England Commission on Higher Education","www.lesley.edu/","lesley.aidcalc.cloud/","42.38012","-71.117303"
"166489","267104","2671","Longy School of Music of Bard College","Cambridge","MA","2138","Middle States Commission on Higher Education","longy.edu/","longy.edu/wp-content/uploads/2019/04/Net-Price-Calculator.htm","42.378657","-71.123479"
"166498","989900","9899","Lowell Academy Hairstyling Institute","Lowell","MA","01852-1909","National Accrediting Commission of Career Arts and Sciences","www.lowellacademy.com/","www.lowellacademy.com/netpricecalculator","42.643609","-71.308309"
"166513","216100","2161","University of Massachusetts-Lowell","Lowell","MA","1854","New England Commission on Higher Education","www.uml.edu/","https://uml.studentaidcalculator.com/welcome.aspx","42.652864","-71.326809"
"166629","222100","2221","University of Massachusetts-Amherst","Amherst","MA","1003","New England Commission on Higher Education","www.umass.edu/","www.umass.edu/net_price_calculator/","42.385999","-72.526728"
"166638","222200","2222","University of Massachusetts-Boston","Boston","MA","02125-3393","New England Commission on Higher Education","www.umb.edu/","https://umb.studentaidcalculator.com/survey.aspx","42.312881","-71.036865"
"166647","217100","2171","Massachusetts Bay Community College","Wellesley Hills","MA","02481-5399","New England Commission on Higher Education","https://www.massbay.edu/","https://www.massbay.edu/finance/tuition-calculator","42.31212","-71.263458"
"166656","216500","2165","Massachusetts College of Pharmacy and Health Sciences","Boston","MA","02115-5896","New England Commission on Higher Education","www.mcphs.edu/","www.mcphs.edu/admission-and-aid/financial-services/net-price-calculator","42.336825","-71.101244"
"166674","218000","2180","Massachusetts College of Art and Design","Boston","MA","02115-5882","New England Commission on Higher Education","https://massart.edu/","https://massart.edu/net-price-calculator","42.336862","-71.099275"
"166683","217800","2178","Massachusetts Institute of Technology","Cambridge","MA","02139-4301","New England Commission on Higher Education","web.mit.edu/","https://npc.collegeboard.org/app/mit","42.359243","-71.093226"
"166692","218100","2181","Massachusetts Maritime Academy","Buzzards Bay","MA","02532-1803","New England Commission on Higher Education","https://www.maritime.edu/","https://www.maritime.edu/netprice/","41.739072","-70.624084"
"166708","975600","9756","University of Massachusetts Chan Medical School","Worcester","MA","1655","New England Commission on Higher Education","www.umassmed.edu/","","42.278002","-71.762144"
"166717","2163600","21636","William James College","Newton","MA","2459","New England Commission on Higher Education","www.williamjames.edu/","www.williamjames.edu/","42.294995","-71.203256"
"166805","2092100","20921","Massachusetts School of Barbering","Quincy","MA","2169","Accrediting Commission of Career Schools and Colleges","massschoolofbarbering.com/","massschoolofbarbering.com/NetPriceCalculator/npcalc.htm","42.247457","-71.001891"
"166823","217700","2177","Massasoit Community College","Brockton","MA","02302-3996","New England Commission on Higher Education","https://www.massasoit.edu/","www.massasoit.edu/enrollment/paying-for-college/financial-aid/net-price-calculator/","42.07507","-70.989799"
"166850","212000","2120","Merrimack College","North Andover","MA","1845","New England Commission on Higher Education","https://www.merrimack.edu/","https://www.merrimack.edu/aid/net-price-calculator/","42.668344","-71.124216"
"166869","2231600","22316","MGH Institute of Health Professions","Boston","MA","02129-4557","New England Commission on Higher Education","www.mghihp.edu/","https://www.mghihp.edu/admissions/tuition-fees","42.375018","-71.054002"
"166887","993600","9936","Middlesex Community College","Bedford","MA","01730-9124","New England Commission on Higher Education","https://www.middlesex.edu/","https://www.middlesex.edu/studentpayments/downloads/netprice.html","42.524328","-71.274931"
"166911","2063000","20630","Montserrat College of Art","Beverly","MA","01915-4508","New England Commission on Higher Education","https://www.montserrat.edu/","https://www.montserrat.edu/wp-content/uploads/2025/06/index.html","42.550212","-70.876131"
"166939","219200","2192","Mount Holyoke College","South Hadley","MA","01075-1489","New England Commission on Higher Education","https://www.mtholyoke.edu/","https://npc.collegeboard.org/app/mtholyoke","42.25489","-72.573916"
"166957","217200","2172","Mount Wachusett Community College","Gardner","MA","01440-1000","New England Commission on Higher Education","mwcc.edu/","mwcc.edu/about-mwcc/public-disclosure/net-price-calculator/","42.593142","-71.984148"
"167039","2339400","23394","Rob Roy Academy-New Bedford","New Bedford","MA","02746-2114","National Accrediting Commission of Career Arts and Sciences","www.rob-roy.com/","www.rob-roy.com/netpricecalculator/npcalc.htm","41.671921","-70.925187"
"167057","219400","2194","The New England Conservatory of Music","Boston","MA","02115-5018","New England Commission on Higher Education","https://necmusic.edu/","https://necmusic.edu/admissions/tuition-aid/net-price-calculator/","42.340946","-71.08629"
"167093","216400","2164","New England College of Optometry","Boston","MA","2115","New England Commission on Higher Education","https://www.neco.edu/","https://www.neco.edu/admissions/tuition-and-aid/","42.351853","-71.086829"
"167215","891600","8916","New England Law-Boston","Boston","MA","2116","American Bar Association","https://www.nesl.edu/","","42.350833","-71.0665"
"167260","219700","2197","Nichols College","Dudley","MA","01571-5000","New England Commission on Higher Education","www.nichols.edu/","nichols.studentaidcalculator.com/survey.aspx","42.044033","-71.930283"
"167288","218700","2187","Massachusetts College of Liberal Arts","North Adams","MA","01247-4100","New England Commission on Higher Education","https://www.mcla.edu/","https://www.mcla.edu/admission-aid/paying-for-college/financial-aid/calculator_2023.inc","42.691361","-73.102817"
"167297","2197900","21979","North Bennet Street School","Boston","MA","2109","Accrediting Commission of Career Schools and Colleges","www.nbss.edu/","nbss.aidcalc.cloud/","42.36279","-71.05452"
"167312","217300","2173","North Shore Community College","Danvers","MA","01923-0840","New England Commission on Higher Education","www.northshore.edu/","www.northshore.edu/paying/cost/netprice/calculator/","42.590103","-70.968044"
"167358","219900","2199","Northeastern University","Boston","MA","02115-5005","New England Commission on Higher Education","www.northeastern.edu/","https://studentfinance.northeastern.edu/financial-tools-and-calculators/","42.339992","-71.088782"
"167376","217400","2174","Northern Essex Community College","Haverhill","MA","01830-2399","New England Commission on Higher Education","www.necc.mass.edu/","www.necc.mass.edu/afford/tuition-costs/estimating-costs/net-price-calculator/","42.796634","-71.04904"
"167394","214000","2140","College of Our Lady of the Elms","Chicopee","MA","1013","New England Commission on Higher Education","https://www.elms.edu/","https://www.elms.edu/net-price-calculator/","42.141781","-72.60154"
"167525","220500","2205","Quincy College","Quincy","MA","2169","New England Commission on Higher Education","https://www.quincycollege.edu/","https://quincycollege.edu/wp-content/uploads/npcalc.html","42.252416","-71.003476"
"167534","217500","2175","Quinsigamond Community College","Worcester","MA","01606-2092","New England Commission on Higher Education","www.qcc.edu/","www.qcc.edu/federal-net-price-calculator","42.31379","-71.79503"
"167598","220600","2206","Regis College","Weston","MA","02493-1571","New England Commission on Higher Education","www.regiscollege.edu/","https://www.regiscollege.edu/admission/undergraduate-admission/cost-and-financial-aid/net-price-calculator","42.351291","-71.310561"
"167631","1193000","11930","Roxbury Community College","Roxbury Crossing","MA","02120-3400","New England Commission on Higher Education","www.rcc.mass.edu/","www.rcc.mass.edu/afford/financial-assistance/financial-aid/cost-of-attendance.html","42.329249","-71.09549"
"167677","221400","2214","Saint John's Seminary","Brighton","MA","02135-3846","New England Commission on Higher Education","www.sjs.edu/","www.sjs.edu/","42.344146","-71.161998"
"167729","218800","2188","Salem State University","Salem","MA","1970","New England Commission on Higher Education","https://www.salemstate.edu/","https://www.salemstate.edu/campus-life/student-navigation-center/financial-aid/understanding-your-costs/net-price-calculator","42.503575","-70.890234"
"167783","220800","2208","Simmons University","Boston","MA","02115-5898","New England Commission on Higher Education","www.simmons.edu/","https://www.simmons.edu/undergraduate/admission-and-financial-aid/tuition-financial-aid","42.3393","-71.099967"
"167835","220900","2209","Smith College","Northampton","MA","1063","New England Commission on Higher Education","www.smith.edu/","https://npc.collegeboard.org/student/app/smith","42.318111","-72.638097"
"167871","1238600","12386","Southeastern Technical Institute","South Easton","MA","2375","Council on Occupational Education","www.stitech.edu/","https://stitech.edu/index.php/financial-aid/","42.010312","-71.081227"
"167899","221100","2211","Springfield College","Springfield","MA","01109-3739","New England Commission on Higher Education","springfield.edu/","https://springfield.edu/admissions/undergraduate-admissions/net-price-calculator","42.1022","-72.556647"
"167905","807800","8078","Springfield Technical Community College","Springfield","MA","01105-1296","New England Commission on Higher Education","www.stcc.edu/","https://stcc.aidcalc.cloud/","42.108827","-72.578514"
"167987","221000","2210","University of Massachusetts-Dartmouth","North Dartmouth","MA","02747-2300","New England Commission on Higher Education","www.umassd.edu/","https://umassd.clearcostcalculator.com/student/default/netpricecalculator/survey","41.62869","-71.004552"
"167996","221700","2217","Stonehill College","Easton","MA","02357-6110","New England Commission on Higher Education","https://www.stonehill.edu/","https://www.stonehill.edu/offices-and-services/financial-aid/undergraduate-students/cost-of-attendance/net-price-calculator/","42.05905","-71.080632"
"168005","221800","2218","Suffolk University","Boston","MA","02108-3901","New England Commission on Higher Education","https://www.suffolk.edu/","https://suffolk.studentaidcalculator.com/survey.aspx","42.357945","-71.060917"
"168032","2137000","21370","Rob Roy Academy-Taunton","Taunton","MA","02780-3212","National Accrediting Commission of Career Arts and Sciences","www.rob-roy.com/","www.rob-roy.com/netpricecalculator/npcalc.htm","41.901945","-71.091966"
"168148","221900","2219","Tufts University","Medford","MA","02155-5555","New England Commission on Higher Education","https://www.tufts.edu/","https://npc.collegeboard.org/app/tufts","42.40855","-71.118293"
"168218","222400","2224","Wellesley College","Wellesley","MA","02481-8203","New England Commission on Higher Education","www.wellesley.edu/","https://npc.collegeboard.org/student/app/wellesley","42.291554","-71.306605"
"168227","222500","2225","Wentworth Institute of Technology","Boston","MA","2115","New England Commission on Higher Education","https://wit.edu/","https://wit.studentaidcalculator.com/survey.aspx","42.336632","-71.094983"
"168254","222600","2226","Western New England University","Springfield","MA","01119-2684","New England Commission on Higher Education","wne.edu/","wne.edu/enrollment-services/billing-and-finances/finance-calculator.cfm","42.115017","-72.520466"
"168263","218900","2189","Westfield State University","Westfield","MA","01086-1630","New England Commission on Higher Education","www.westfield.ma.edu/","www.westfield.ma.edu/netprice/","42.132698","-72.796503"
"168281","222700","2227","Wheaton College (Massachusetts)","Norton","MA","02766-2322","New England Commission on Higher Education","www.wheatoncollege.edu/","https://collegepricecalculator.com/wheatoncollegema","41.966637","-71.183979"
"168342","222900","2229","Williams College","Williamstown","MA","1267","New England Commission on Higher Education","https://www.williams.edu/","https://npc.collegeboard.org/app/williams","42.712725","-73.203132"
"168421","223300","2233","Worcester Polytechnic Institute","Worcester","MA","01609-2280","New England Commission on Higher Education","https://www.wpi.edu/","https://www.wpi.edu/admissions/tuition-aid/financial-need/net-price-calculator","42.274853","-71.808339"
"168430","219000","2190","Worcester State University","Worcester","MA","01602-2597","New England Commission on Higher Education","https://www.worcester.edu/","https://www.worcester.edu/NetPriceCalculator/npcalc.htm","42.267526","-71.844018"
"182634","257200","2572","Colby-Sawyer College","New London","NH","03257-7835","New England Commission on Higher Education","www.colby-sawyer.edu/","https://colbysawyer.clearcostcalculator.com/student/default/netpricecalculator/survey","43.411663","-71.975805"
"182670","257300","2573","Dartmouth College","Hanover","NH","03755-3529","New England Commission on Higher Education","https://dartmouth.edu/","https://admissions.dartmouth.edu/afford/estimate-your-cost","43.704115","-72.289949"
"182704","864502","8645","Empire Beauty School-Laconia","Laconia","NH","3246","National Accrediting Commission of Career Arts and Sciences","www.empirebeautyschools.com/","empirebeautyschools.com/financial-aid/net-price-calculator","43.527157","-71.469612"
"182722","2179600","21796","Empire Beauty School-Somersworth","Somersworth","NH","3878","National Accrediting Commission of Career Arts and Sciences","www.empirebeautyschools.com/","empirebeautyschools.com/financial-aid/net-price-calculator","43.23004","-70.881563"
"182795","257500","2575","Franklin Pierce University","Rindge","NH","03461-0060","New England Commission on Higher Education","https://www.franklinpierce.edu/","https://franklinpierce.studentaidcalculator.com/survey.aspx","42.78014","-72.058011"
"182829","258903","2589","University of New Hampshire-Franklin Pierce School of Law","Concord","NH","03301-4197","New England Commission on Higher Education","https://law.unh.edu/","https://app.meadowfi.com/unh","43.207371","-71.545152"
"182892","2245400","22454","Keene Beauty Academy","Keene","NH","3431","National Accrediting Commission of Career Arts and Sciences","www.keenebeautyacademy.edu/","keenebeautyacademy.edu/","42.948977","-72.321097"
"182980","257900","2579","New England College","Henniker","NH","3242","New England Commission on Higher Education","www.nec.edu/","https://nec.studentaidcalculator.com/survey.aspx","43.176403","-71.822282"
"183026","258000","2580","Southern New Hampshire University","Manchester","NH","03106-1045","New England Commission on Higher Education","www.snhu.edu/","https://snhu.clearcostcalculator.com/student/default/netpricecalculator/survey","43.038922","-71.451842"
"183044","258900","2589","University of New Hampshire-Main Campus","Durham","NH","03824-3547","New England Commission on Higher Education","https://www.unh.edu/","https://app.meadowfi.com/unh","43.135934","-70.932465"
"183062","259000","2590","Keene State College","Keene","NH","03435-1506","New England Commission on Higher Education","www.keene.edu/","https://www.keene.edu/npc/","42.926452","-72.279276"
"183071","258901","2589","University of New Hampshire at Manchester","Manchester","NH","03101-1113","New England Commission on Higher Education","https://manchester.unh.edu/","https://app.meadowfi.com/unh","42.987209","-71.468755"
"183080","259100","2591","Plymouth State University","Plymouth","NH","03264-1595","New England Commission on Higher Education","www.plymouth.edu/","www.plymouth.edu/student-financial-services/financial-aid","43.759573","-71.690164"
"183099","258100","2581","NHTI-Concord's Community College","Concord","NH","03301-7412","New England Commission on Higher Education","https://www.nhti.edu/","https://www.nhti.edu/netcalc/index.html","43.223621","-71.531979"
"183105","529100","5291","White Mountains Community College","Berlin","NH","3570","New England Commission on Higher Education","www.wmcc.edu/","www.wmcc.edu/admissions/net-price-calculator","44.503494","-71.158535"
"183114","756000","7560","River Valley Community College","Claremont","NH","03743-9707","New England Commission on Higher Education","https://www.rivervalley.edu/","https://www.rivervalley.edu/netcalc/","43.399046","-72.333114"
"183123","755500","7555","Lakes Region Community College","Laconia","NH","3246","New England Commission on Higher Education","https://www.lrcc.edu/","https://www.lrcc.edu/paying-for-lrcc/financial-aid-at-lrcc/financial-aid-forms/","43.507568","-71.462602"
"183132","258200","2582","Manchester Community College","Manchester","NH","03102-8518","New England Commission on Higher Education","www.mccnh.edu/","www.mccnh.edu/affordability/financial-aid/net-price-calculator/","43.019823","-71.483534"
"183141","923600","9236","Nashua Community College","Nashua","NH","03063-1026","New England Commission on Higher Education","nashuacc.edu/","nashuacc.edu/afford-ncc/financial-aid/net-price-calculator/","42.794576","-71.523462"
"183150","258300","2583","Great Bay Community College","Portsmouth","NH","03801-2879","New England Commission on Higher Education","https://www.greatbay.edu/","https://www.greatbay.edu/netpricecalc/npcalc.htm","43.072093","-70.798969"
"183202","2211600","22116","Paul Mitchell the School-Portsmouth","Portsmouth","NH","03801-4084","National Accrediting Commission of Career Arts and Sciences","paulmitchell.edu/portsmouth","paulmitchell.edu/portsmouth/tuition-calculator","43.075732","-70.760159"
"183211","258600","2586","Rivier University","Nashua","NH","3060","New England Commission on Higher Education","www.rivier.edu/","https://www.rivier.edu/financial-aid/net-price-calculator/","42.738676","-71.45626"
"183239","258700","2587","Saint Anselm College","Manchester","NH","03102-1310","New England Commission on Higher Education","https://www.anselm.edu/","https://anselm.clearcostcalculator.com/student/default/netpricecalculator/survey","42.986889","-71.503622"
"183248","2140400","21404","St Joseph School of Nursing","Nashua","NH","3060","Accrediting Commission of Career Schools and Colleges","www.sjson.edu/","www.sjson.edu/admissions/financial-aid-scholarships/net-price-calculator/","42.750142","-71.478401"
"183257","258904","2589","University of New Hampshire College of Professional Studies Online","Manchester","NH","3101","New England Commission on Higher Education","https://cps.unh.edu/online","https://app.meadowfi.com/unh","42.987209","-71.468755"
"183275","3043100","30431","Thomas More College of Liberal Arts","Merrimack","NH","3054","New England Commission on Higher Education","www.thomasmorecollege.edu/","https://thomasmorecollege.edu/apply/finances/net-price-calculator/","42.80683","-71.48437"
"217156","340100","3401","Brown University","Providence","RI","2912","New England Commission on Higher Education","www.brown.edu/","https://npc.collegeboard.org/app/brown","41.82617","-71.40385"
"217165","340200","3402","Bryant University","Smithfield","RI","02917-1291","New England Commission on Higher Education","https://www.bryant.edu/","https://tcc.ruffalonl.com/bryant university/freshman-students","41.920092","-71.539547"
"217235","340400","3404","Johnson & Wales University-Providence","Providence","RI","02903-3703","New England Commission on Higher Education","https://www.jwu.edu/campuses/providence/","https://enroll.jwu.edu/register/npcpvd?_ga=2.20956152.1144428041.1661956580-1253747645.1659483415","41.819956","-71.41277"
"217305","784500","7845","New England Institute of Technology","East Greenwich","RI","02818-1205","New England Commission on Higher Education","https://www.neit.edu/","https://www.neit.edu/admissions-aid/net-price-calculator","41.661783","-71.502892"
"217323","2584400","25844","New England Tractor Trailer Training School of Rhode Island","Pawtucket","RI","2860","Accrediting Commission of Career Schools and Colleges","nettts.com/","nettts.com/price-calculator/","41.880296","-71.405906"
"217402","340600","3406","Providence College","Providence","RI","02918-0001","New England Commission on Higher Education","https://www.providence.edu/","https://npc.collegeboard.org/student/app/providence","41.842742","-71.437446"
"217420","340700","3407","Rhode Island College","Providence","RI","2908","New England Commission on Higher Education","www.ric.edu/","https://www.ric.edu/net-price-calculator","41.842415","-71.46556"
"217475","340800","3408","Community College of Rhode Island","Warwick","RI","02886-1807","New England Commission on Higher Education","www.ccri.edu/","https://www.ccri.edu/onestop/fa/calc-test.html","41.712817","-71.481509"
"217484","341400","3414","University of Rhode Island","Kingston","RI","2881","New England Commission on Higher Education","https://web.uri.edu/","https://web.uri.edu/ir/netprice-2/","41.484691","-71.527356"
"217493","340900","3409","Rhode Island School of Design","Providence","RI","02903-2784","New England Commission on Higher Education","https://www.risd.edu/","https://risd.studentaidcalculator.com/survey.aspx","41.827114","-71.409309"
"217518","341000","3410","Roger Williams University","Bristol","RI","02809-2921","New England Commission on Higher Education","https://www.rwu.edu/","https://www.rwu.edu/net-price-calculator","41.650214","-71.260374"
"217536","341100","3411","Salve Regina University","Newport","RI","02840-4192","New England Commission on Higher Education","www.salve.edu/","https://salve.wbnpc.com/","41.471545","-71.30124"
"217581","1260608","12606","Empire Beauty School-Warwick","Providence","RI","2903","National Accrediting Commission of Career Arts and Sciences","www.empire.edu/","www.empire.edu/consumer-information/net-price-calculator","41.821724","-71.422425"
"217606","3570500","35705","Northpoint Bible College","Haverhill","MA","1835","Association for Biblical Higher Education","www.northpoint.edu/","www.northpoint.edu/net-price-calculator/","42.765357","-71.079335"
"230816","368200","3682","Bennington College","Bennington","VT","05201-6003","New England Commission on Higher Education","https://www.bennington.edu/","https://www.bennington.edu/admissions/apply/financing-your-education/tuition-and-fees/net-price-calculator","42.919547","-73.237799"
"230852","368400","3684","Champlain College","Burlington","VT","5401","New England Commission on Higher Education","https://www.champlain.edu/","https://champlain.clearcostcalculator.com/student/default/netpricecalculator/survey","44.473287","-73.202746"
"230861","1116700","11167","Community College of Vermont","Montpelier","VT","5602","New England Commission on Higher Education","www.ccv.edu/","https://admissions.ccv.edu/register/ccvnpc","44.280811","-72.573774"
"230959","369100","3691","Middlebury College","Middlebury","VT","5753","New England Commission on Higher Education","https://www.middlebury.edu/college/","https://npc.collegeboard.org/app/middlebury","44.009117","-73.176068"
"230995","369200","3692","Norwich University","Northfield","VT","05663-1035","New England Commission on Higher Education","www.norwich.edu/","https://home.norwich.edu/on/admissions-aid/financial-aid/cost-calculator","44.140237","-72.659783"
"231004","865800","8658","O'Briens Aveda Institute","Williston","VT","5495","National Accrediting Commission of Career Arts and Sciences","www.obriensavedainstitute.org/","www.obriensavedainstitute.org/cmsAdmin/uploads/netpricecalc.html","44.447199","-73.102721"
"231059","369400","3694","Saint Michael's College","Colchester","VT","5439","New England Commission on Higher Education","www.smcvt.edu/","https://www.smcvt.edu/admission-aid/financial-aid/net-price-calculator/","44.494558","-73.167069"
"231068","886000","8860","SIT Graduate Institute","Brattleboro","VT","05302-0676","New England Commission on Higher Education","https://www.sit.edu/","https://graduate.sit.edu/admissions-aid/financial-aid/","42.891035","-72.56738"
"231095","2143500","21435","Sterling College","Craftsbury Common","VT","05827-0072","New England Commission on Higher Education","www.sterlingcollege.edu/","www.sterlingcollege.edu/financial-aid","44.65225","-72.382372"
"231147","1193400","11934","Vermont Law and Graduate School","South Royalton","VT","05068-0096","New England Commission on Higher Education","www.vermontlaw.edu/","","43.821406","-72.520919"
"231165","369800","3698","Vermont State University","Randolph","VT","5061","New England Commission on Higher Education","vermontstate.edu/","https://vermontstate.edu/admission/financial-aid/","43.939623","-72.604498"
"231174","369600","3696","University of Vermont","Burlington","VT","05405-0160","New England Commission on Higher Education","www.uvm.edu/","www.uvm.edu/studentfinancialservices/net_price_calculator","44.477325","-73.196646"
"245865","301004","3010","Antioch University-New England","Keene","NH","3431","Higher Learning Commission","www.antiochne.edu/","www.antioch.edu/admission-aid/admissions/","42.932344","-72.293798"
"247649","2532600","25326","Landmark College","Putney","VT","5346","New England Commission on Higher Education","www.landmark.edu/","https://www.landmark.edu/admissions/tuition-financial-aid/net-price-calculator","42.977172","-72.512549"
"369002","3235300","32353","Massachusetts School of Law","Andover","MA","1810","New England Commission on Higher Education","www.mslaw.edu/","www.mslaw.edu/net-price-calculator/","42.682106","-71.19954"
"373678","2122000","21220","New England Hair Academy","Malden","MA","2148","Accrediting Commission of Career Schools and Colleges","www.newenglandhairacademy.com/","newenglandhairacademy.com/NetPriceCalculator/npcalc.htm","42.427969","-71.067282"
"373696","2181600","21816","Rob Roy Academy-Worcester","Worcester","MA","1609","National Accrediting Commission of Career Arts and Sciences","www.rob-roy.com/","www.rob-roy.com/netpricecalculator/npcalc.htm","42.263673","-71.807728"
"373711","466900","4669","Upper Cape Cod Regional Technical School","Bourne","MA","2532","Council on Occupational Education","www.uctpracticalnursing.com/","www.uctpracticalnursing.com/net-price-calculatorprogram-costs.html","41.745328","-70.578837"
"382416","527900","5279","Greater Lowell Technical School","Tyngsboro","MA","1879","Council on Occupational Education","https://www.gltech.org/","www2.gltech.org/NetPrice/","42.653908","-71.38618"
"407179","1054211","10542","Empire Beauty School-Malden","Malden","MA","2148","National Accrediting Commission of Career Arts and Sciences","www.empire.edu/","www.empire.edu/consumer-information/net-price-calculator","42.427368","-71.076619"
"409616","341001","3410","Roger Williams University School of Law","Bristol","RI","02809-5171","New England Commission on Higher Education","law.rwu.edu/","www.rwu.edu/sites/financialaid/netprice_calculator/npcalc.htm","41.650974","-71.261978"
"410964","3859300","38593","EINE Inc","Tewksbury","MA","1876","National Accrediting Commission of Career Arts and Sciences","electrologyinstitute.com/","https://www.electrologyinstitute.com/files/130005858.htm","42.598024","-71.220396"
"412535","3104000","31040","Shawsheen Valley School of Practical Nursing","Billerica","MA","01821-5499","Council on Occupational Education","https://www.shawsheenpracticalnursing.com/","https://www.shawsheenpracticalnursing.com/application-info","42.546696","-71.217926"
"414124","3115200","31152","Motoring Technical Training Institute","Seekonk","MA","2771","Accrediting Commission of Career Schools and Colleges","www.mtti.edu/","www.mtti.edu/financial-aid/net-price-calculator","41.791885","-71.324909"
"415057","3094800","30948","Industrial Management Training Institute","Waterbury","CT","6706","Accrediting Commission of Career Schools and Colleges","imti.edu/","https://imti.edu/np-calc","41.549618","-73.035893"
"419095","555700","5557","Charles H McCann Technical School","North Adams","MA","01247-3999","Council on Occupational Education","www.mccanntech.org/","https://www.mccanntech.org/educational-programs/postsecondary/postsecondary-admissions/financial-aid#fs-panel-30800","42.664578","-73.10149"
"420440","3122900","31229","York County Community College","Wells","ME","4090","New England Commission on Higher Education","https://www.yccc.edu/","https://www.yccc.edu/about-us/about-yccc/consumer-info/york-county-community-college-net-price-calculator/","43.306797","-70.590783"
"429128","3130500","31305","Urban College of Boston","Boston","MA","2116","New England Commission on Higher Education","https://www.urbancollege.edu/","https://calculator.studentaidprocess.com/calculator/(s(qpkkaquwexb105tecnzrqp5m))/netpricecalculator?corpid=161","42.352922","-71.0642"
"433040","1288100","12881","Monty Tech","Fitchburg","MA","1420","Council on Occupational Education","www.montytech.net/","nces.ed.gov/collegenavigator/?id=433040","42.560648","-71.860827"
"433101","1246116","12461","Lincoln Technical Institute-Lincoln","Lincoln","RI","2865","Accrediting Commission of Career Schools and Colleges","www.lincolntech.edu/campus/lincoln-ri","www.lincolntech.edu/net-price-calculator","41.9385","-71.47748"
"434344","3240300","32403","COLLECTIV Academy-Worcester","Worcester","MA","01605-2213","National Accrediting Commission of Career Arts and Sciences","https://collectivacademy.com/","https://collectivacademy.com/npc/worcester/index.html","42.284822","-71.808255"
"436599","3316400","33164","FINE Mortuary College","Norwood","MA","2062","American Board of Funeral Service Education Committee on Accreditation","www.fmc.edu/","https://calculator.studentaidprocess.com/calculator/(S(f0b5o1okp33anco1oord3nwa))/netpricecalculator?corpid=122","42.181479","-71.19293"
"436818","141704","1417","University of Connecticut-Waterbury Campus","Waterbury","CT","6702","New England Commission on Higher Education","https://waterbury.uconn.edu/","https://financialaid.uconn.edu/pricecalc/","41.555617","-73.039242"
"436827","141705","1417","University of Connecticut-Avery Point","Groton","CT","06340-6097","New England Commission on Higher Education","https://averypoint.uconn.edu/","https://financialaid.uconn.edu/pricecalc/","41.316419","-72.065336"
"436836","141702","1417","University of Connecticut-Stamford","Stamford","CT","06901-2315","New England Commission on Higher Education","https://stamford.uconn.edu/","https://financialaid.uconn.edu/pricecalc/","41.056081","-73.542206"
"437237","3732300","37323","IYRS School of Technology & Trades","Newport","RI","2840","Accrediting Commission of Career Schools and Colleges","www.iyrs.edu/","www.iyrs.edu/admissions/financial-aid/net-price-calculator","41.480948","-71.314724"
"440004","3437300","34373","Upper Valley Educators Institute","Lebanon","NH","03766-1358","New England Commission on Higher Education","www.uvei.edu/","www.uvei.edu/","43.637595","-72.230822"
"441982","3946300","39463","Franklin W Olin College of Engineering","Needham","MA","02492-1200","New England Commission on Higher Education","www.olin.edu/","https://npc.collegeboard.org/student/app/olin","42.293527","-71.263378"
"443641","2531802","25318","Paul Mitchell the School-Rhode Island","Cranston","RI","2920","National Accrediting Commission of Career Arts and Sciences","paulmitchell.edu/rhodeisland","paulmitchell.edu/rhodeisland/tuition-calculator","41.755208","-71.459056"
"445647","2104403","21044","Spa Tech Institute-Westboro","Westborough","MA","1581","National Accrediting Commission of Career Arts and Sciences","www.spatech.edu/","www.spatech.edu/consumer-information.html","42.285984","-71.635686"
"445656","2104404","21044","Spa Tech Institute-Plymouth","Plymouth","MA","2360","National Accrediting Commission of Career Arts and Sciences","www.spatech.edu/","www.spatech.edu/consumer-information.html","41.958481","-70.704453"
"445911","730303","7303","Lincoln Technical Institute-Shelton","Shelton","CT","6484","Accrediting Commission of Career Schools and Colleges","www.lincolntech.edu/campus/shelton-ct","www.lincolntech.edu/net-price-calculator","41.271974","-73.132014"
"449463","4104300","41043","Academy Di Capelli-School of Cosmetology","Wallingford","CT","6492","National Accrediting Commission of Career Arts and Sciences","www.academydicapelli.com/","www.academydicapelli.com/netPrice/npcalc.htm","41.490402","-72.806335"
"450641","864500","8645","Empire Beauty School-Hooksett","Hooksett","NH","3106","National Accrediting Commission of Career Arts and Sciences","www.empirebeautyschools.com/","www.empirebeautyschools.com/financial-aid/net-price-calculator","43.054992","-71.44412"
"451042","4128800","41288","Branford Academy of Hair & Cosmetology","Branford","CT","6405","National Accrediting Commission of Career Arts and Sciences","www.branfordacademy.com/","branfordacademy.com/","41.277187","-72.8537"
"451255","4116900","41169","DiGrigoli School of Cosmetology","West Springfield","MA","1089","National Accrediting Commission of Career Arts and Sciences","www.digrigoli.com/school","www.digrigoli.com/NetPriceCalculator/npcalc.htm","42.146311","-72.630272"
"455798","4145400","41454","Oxford Academy of Hair Design Inc","Seymour","CT","6483","National Accrediting Commission of Career Arts and Sciences","www.oxfordhairacademy.com/","www.oxfordhairacademy.com/net-price-calculator","41.397798","-73.061063"
"455965","4141200","41412","COLLECTIV Academy-Cranston","Cranston","RI","2920","National Accrediting Commission of Career Arts and Sciences","https://collectivacademy.com/","collectivacademy.com/npc/cranston/index.html","41.734598","-71.478386"
"455992","369700","3697","Vermont College of Fine Arts","Montpelier","VT","5602","New England Commission on Higher Education","www.vcfa.edu/","www.vcfa.edu/admissions/tuition-scholarships-financial-aid/","44.25521","-72.567616"
"456001","4146900","41469","Advanced Welding Institute","South Burlington","VT","5403","","www.awi.edu/","www.awi.edu/net-price-calculator","44.45588","-73.139437"
"457332","4148400","41484","TIGI Hairdressing Academy Guilford","Guilford","CT","6437","National Accrediting Commission of Career Arts and Sciences","tigiguilford.edu/","tigiguilford.edu/net-price-calculator","41.28773","-72.677612"
"457341","4152400","41524","International Institute of Cosmetology","Wethersfield","CT","6109","National Accrediting Commission of Career Arts and Sciences","https://www.studyhair.com/","https://www.studyhair.com/wp-content/uploads/index.html","41.707932","-72.661782"
"457615","1218700","12187","Blackstone Valley Vocational Regional School District","Upton","MA","01568-1499","Accreditation Commission for Education in Nursing","https://www.valleytech.k12.ma.us/community/practicalnursing","https://www.valleytech.k12.ma.us/community/practicalnursing/pngainfulemployment","42.16382","-71.616243"
"459408","4122000","41220","Tri County Regional Vocational Technical High School","Franklin","MA","2038","Council on Occupational Education","www.tri-county.us/","www.tri-county.us/o/tri-county-vocational-tech/page/postsecondary-programs","42.094957","-71.421577"
"460349","340400","3404","Johnson & Wales University-Online","Providence","RI","2903","New England Commission on Higher Education","https://online.jwu.edu/?_ga=2.36357734.752362341.1629739669-391300583.1600981500","https://online.jwu.edu/net-price-calculator","41.819956","-71.41277"
"461704","4177400","41774","Capilo School of Hair Design","Augusta","ME","04330-0000","National Accrediting Commission of Career Arts and Sciences","www.capilo.com/","www.capilo.com/net-price-calculator","44.317693","-69.777717"
"461962","4185100","41851","Northeast Technical Institute","Scarborough","ME","04074-0000","Council on Occupational Education","ntinow.edu/","ntinow.edu/financial-aid-resources/","43.608171","-70.314892"
"462044","4188800","41888","Institute for Doctoral Studies in the Visual Arts","Portland","ME","04101-0000","New England Commission on Higher Education","https://www.idsva.edu/","https://www.idsva.edu/admissions/scholarships-and-tuition","43.661402","-70.251742"
"463056","141701","1417","University of Connecticut-Hartford Campus","Hartford","CT","6103","New England Commission on Higher Education","https://hartford.uconn.edu/","https://financialaid.uconn.edu/pricecalc/","41.762673","-72.672175"
"468963","2584401","25844","New England Tractor Trailer Training School of Massachusetts","North Andover","MA","01845-1048","Accrediting Commission of Career Schools and Colleges","www.nettts.com/","nettts.com/price-calculator/","42.7307","-71.116853"
"475273","221100","2211","Springfield College-Regional Online and Continuing Education","Springfield","MA","01109-3739","New England Commission on Higher Education","https://springfield.edu/academics/online-programs","https://springfield.edu/financial-aid/undergraduate/net-price-calculator","42.1022","-72.556647"
"476735","4193100","41931","Alexander Academy","Lunenburg","MA","01462-0000","National Accrediting Commission of Career Arts and Sciences","www.alexanderacademy.com/","www.alexanderacademy.com/npcalc.htm","42.587705","-71.769406"
"479062","3115201","31152","MotoRing Technical Training Institute","East Providence","RI","02914-5022","Accrediting Commission of Career Schools and Colleges","www.mtti.edu/","www.mtti.edu/financial-aid/net-price-calculator","41.81866","-71.384761"
"480903","2202501","22025","New England Tractor Trailer Training School of CT-Bridgeport","Bridgeport","CT","6608","Accrediting Commission of Career Schools and Colleges","nettts.com/","https://nettts.com/price-calculator/","41.186706","-73.179406"
"481571","4224200","42242","Belle Academy of Cosmetology LLC","Waterbury","CT","06704-1035","","www.belleacademy.com/","https://www.belleacademy.com/calculator/","41.59749","-73.055819"
"482705","219900","2199","Northeastern University Professional Programs","Boston","MA","2115","New England Commission on Higher Education","https://www.northeastern.edu/","https://studentfinance.northeastern.edu/financial-tools-and-calculators/","42.339992","-71.088782"
"484057","4229200","42292","Jupiter Beauty Academy","Boston","MA","02122-2834","National Accrediting Commission of Career Arts and Sciences","www.jba.edu/","www.jupiterbeautyacademy.com/our-admissions#NetPriceCalculator1","42.305343","-71.057468"
"484127","4230900","42309","TIGI Hairdressing Academy Newtown","Newtown","CT","06470-0000","National Accrediting Commission of Career Arts and Sciences","tiginewtown.com/","tiginewtown.com/net-price-calculator/","41.392938","-73.290525"
"485607","4249800","42498","Dolce The Academy","Waterbury","CT","6705","National Accrediting Commission of Career Arts and Sciences","www.dolceacademy.edu/","www.dolceacademy.edu/netpricecalculator","41.540983","-72.991263"
"487524","204300","2043","Husson University","Bangor","ME","04401-2929","New England Commission on Higher Education","www.husson.edu/","https://www.husson.edu/financial-aid/netprice/","44.829002","-68.791476"
"490382","4263000","42630","Harmony Health Care Institute","Merrimack","NH","03054-0000","Accrediting Commission of Career Schools and Colleges","www.harmony-health.org/","https://www.harmony-health.org/net-price-calculator.html","42.804167","-71.488336"
"490753","4279800","42798","Maine Media College","Rockport","ME","04856-5952","New England Commission on Higher Education","https://www.mainemedia.edu/college/","","44.193709","-69.076508"
"493682","4279000","42790","American Institute of Healthcare & Technology","Stratford","CT","06615-7149","Middle States Commission on Secondary Education","https://www.aiht.edu/","https://www.aiht.edu/financial-aid/","41.170738","-73.150918"
"493822","4283600","42836","College Unbound","Providence","RI","2903","New England Commission on Higher Education","collegeunbound.edu/","sites.google.com/a/collegeunbound.org/billing/net-price-calculator","41.80644","-71.412848"
"494542","","","Sattler College","Boston","MA","2114","","https://sattler.edu/","https://sattler.edu/admissions/tuition-and-aid/","42.36064","-71.062111"
"496894","4128801","41288","Branford Academy of Hair & Cosmetology-Bridgeport","Bridgeport","CT","06610-3239","National Accrediting Commission of Career Arts and Sciences","https://branfordacademy.com/","https://branfordacademy.com/cosmetology-school-price-calculator-Choose.php","41.186859","-73.163258"
"497499","4254100","42541","Technology Learning Center","Oxford","MA","01540-1411","Accrediting Commission of Career Schools and Colleges","https://tlcedu.com/","https://tlcedu.com/net-price-calculator.html","42.11827","-71.900846"
"497888","2104406","21044","Spa Tech Institute-North Andover","North Andover","MA","01845-1613","National Accrediting Commission of Career Arts and Sciences","https://www.spatech.edu/","https://www.spatech.edu/consumer-information","42.707614","-71.131873"
"500306","3115019","31150","Arizona College of Nursing - Hartford","East Hartford","CT","06108-3288","Accrediting Bureau of Health Education Schools","https://www.arizonacollege.edu/","https://www.arizonacollege.edu/admissions/financial-aid/net-price-calculator/","41.768617","-72.662653"
"12429201","2358001","23580","Thomas Aquinas College - New England","Northfield","MA","01360-1034","Western Association of Schools and Colleges Senior Colleges and University Commission","https://thomasaquinas.edu/","","",""
"12915401","2244912","22449","Goodwin University - Bridgeport Campus","Bridgeport","CT","66045771","New England Commission on Higher Education","https://www.goodwin.edu/","","",""
"13017403","1077902","10779","Porter and Chester Institute of Waterbury","Waterbury","CT","6705","Accrediting Commission of Career Schools and Colleges","www.porterchester.edu/","","",""
"13017405","1077906","10779","Porter and Chester Institute of Worcester","Worcester","MA","1606","Accrediting Commission of Career Schools and Colleges","www.porterchester.edu/","","",""
"13017408","1077918","10779","Porter and Chester Institute - Brockton","Brockton","MA","23014928","Accrediting Commission of Career Schools and Colleges","https://www.porterchester.edu/","","",""
"13017409","1077907","10779","Porter and Chester Institute - Chicopee","Chicopee","MA","10221153","Accrediting Commission of Career Schools and Colleges","https://www.porterchester.edu/","","",""
"13017410","1077919","10779","Porter and Chester Institute - New London","New London","CT","63202628","Accrediting Commission of Career Schools and Colleges","https://www.porterchester.edu/","","",""
"16099501","520401","5204","Beal University","Wilton","ME","42946831","Accrediting Commission of Career Schools and Colleges","https://www.beal.edu/","","",""
"16125301","205306","2053","University of Maine - Machias","Machias","ME","46541397","New England Commission on Higher Education","https://machias.edu/","","",""
"16157202","685803","6858","Unity Environmental University - Unity","Unity","ME","49885101","New England Commission on Higher Education","https://unity.edu/","","",""
"18908801","267109","2671","Bard College - Holyoke Microcollege","Holyoke","MA","10403927","Middle States Commission on Higher Education","https://www.bard.edu/","","",""
"37369601","2181601","21816","Rob Roy Academy - Woonsocket","Woonsocket","RI","2895","National Accrediting Commission of Career Arts and Sciences","www.rob-roy.com/","","",""
"44946301","4104301","41043","Academy Di Capelli -","East Hartford","CT","61083839","National Accrediting Commission of Career Arts and Sciences","","","",""
"47503317","4208617","42086","Relay Graduate School of Education - Connecticut","New Haven","CT","65133089","Middle States Commission on Higher Education","relay.edu/location/relay-connecticut","","",""
"49382201","4283601","42836","College Unbound - Newport/Aquidneck Island","Newport","RI","28400000","New England Commission on Higher Education","https://www.collegeunbound.edu/","","",""
