"unit_id","release_id","main_campus","branch_count","predominant_degree","highest_degree","control_type","region_code","locale_code","currently_operating","distance_only","undergraduate_enrollment","admission_rate","average_sat","act_composite_midpoint","in_state_tuition","out_of_state_tuition","average_net_price_public","average_net_price_private","average_cost_of_attendance","full_time_retention_4yr","full_time_retention_lt4yr","completion_rate_150_4yr","completion_rate_150_lt4yr","pell_recipient_rate","federal_loan_rate","median_debt_at_repayment","median_earnings_1yr","median_earnings_4yr","median_earnings_5yr"
"128498","scorecard_2026-06-10_most_recent","1","1","3","4","2","1","12","1","0","991","0.5931","","","41908","41908","","34028","59407","0.6686","","0.5148","","0.5056","0.7388","25000","45812","63088","60642"
"128744","scorecard_2026-06-10_most_recent","1","1","3","4","2","1","12","1","0","1534","0.8302","","","35760","35760","","27807","52957","0.6129","","0.4119","","0.5348","0.7566","19500","46639","60311","57301"
"128771","scorecard_2026-06-10_most_recent","1","1","3","4","1","1","21","1","0","7822","0.7333","1080","23","13050","16550","16857","","24870","0.7711","","0.4844","","0.3836","0.4916","16750","47818","67245","63695"
"128780","scorecard_2026-06-10_most_recent","1","1","3","4","1","1","21","1","1","1821","","","","8506","8506","15815","","23210","1","","0.6667","","0.4403","0.4516","12422","53393","62128","59956"
"128896","scorecard_2026-06-10_most_recent","1","1","1","1","3","1","21","1","0","209","","","","","","","34436","","","0.7714","","0.8476","0.5718","0.6333","11259","22962","32856","28144"
"128902","scorecard_2026-06-10_most_recent","1","1","3","3","2","1","13","1","0","1937","0.3704","1432","32","67242","67242","","36175","84623","0.8973","","0.8205","","0.1419","0.3544","20000","44155","67540","66752"
"129002","scorecard_2026-06-10_most_recent","1","1","1","1","3","1","21","1","0","402","","","","14337","14337","","20549","26042","","0.3034","","0.3239","0.7027","0.1201","9500","38028","46281","39857"
"129020","scorecard_2026-06-10_most_recent","1","5","3","4","1","1","31","1","0","19835","0.5239","1348","30","21044","43712","25097","","39426","0.9246","","0.8329","","0.2538","0.4156","18610","53816","78925","76632"
"129154","scorecard_2026-06-10_most_recent","1","2","2","4","2","1","13","1","0","2693","","","","21198","21198","","29249","39589","0.6667","","0.5821","","0.5441","0.7695","14221","57249","72845","65520"
"129181","scorecard_2026-06-10_most_recent","0","8","1","1","3","1","21","1","0","1008","","","","","","","27006","","","0.75","","0.6233","0.5384","0.6901","9500","35491","47136","42154"
"129215","scorecard_2026-06-10_most_recent","1","1","3","4","1","1","31","1","0","3418","0.8298","1160","","13928","17428","21067","","31983","0.8374","","0.5752","","0.2868","0.4816","18500","37509","57759","55034"
"129242","scorecard_2026-06-10_most_recent","1","1","3","4","2","1","21","1","0","5373","0.3329","1335","29","58350","58350","","48095","76074","0.9129","","0.843","","0.0692","0.4322","23251","61503","91378","88011"
"129349","scorecard_2026-06-10_most_recent","1","1","1","1","3","1","21","1","0","178","","","","","","","28813","","","0.9667","","0.92","0.4404","0.4893","6333","19308","31288","28840"
"129367","scorecard_2026-06-10_most_recent","1","1","2","2","1","1","12","1","0","33645","","","","5338","15596","11513","","18370","","0.685","","0.2414","0.4544","0.0832","5235","39303","50130","49819"
"129482","scorecard_2026-06-10_most_recent","1","6","1","1","3","1","13","1","0","402","","","","","","","19316","","","0.6","","0.5605","0.6656","0.8169","9304","25067","36918","30884"
"129491","scorecard_2026-06-10_most_recent","1","1","4","4","2","1","12","1","0","","","","","","","","","","","","","","","","","","",""
"129525","scorecard_2026-06-10_most_recent","1","1","3","4","2","1","12","1","0","4146","0.9575","1219","26","49075","49075","","30282","64729","0.829","","0.5438","","0.3304","0.6589","19500","47333","69078","64107"
"129534","scorecard_2026-06-10_most_recent","1","1","3","4","2","1","21","1","0","216","","","","9580","9580","","10117","17990","0.9091","","0.7857","","0.2148","0.2","7500","","39168",""
"129774","scorecard_2026-06-10_most_recent","1","1","3","3","2","1","13","1","0","377","0.9466","","","40490","40490","","30260","55621","0.5904","","0.4218","","0.3828","0.5852","15000","27624","44062","39559"
"129923","scorecard_2026-06-10_most_recent","1","8","1","1","3","1","21","1","0","928","","","","","","","33240","","","0.7179","","0.6452","0.6609","0.8342","9500","35491","47136","42154"
"129932","scorecard_2026-06-10_most_recent","1","2","1","1","3","1","41","1","0","289","","","","","","","15284","","","","","0.691","0.4513","0.5292","6333","43224","52806","48393"
"129941","scorecard_2026-06-10_most_recent","1","1","3","4","2","1","21","1","0","4841","0.6038","1160","27","47332","47332","","34192","66962","0.7648","","0.6307","","0.3244","0.7246","20475","40866","65164","62942"
"130174","scorecard_2026-06-10_most_recent","1","6","1","1","3","1","12","1","0","1373","","","","14349","14349","","18348","25892","","0.4906","","0.4518","0.5663","0.6","9500","36762","46863","42645"
"130183","scorecard_2026-06-10_most_recent","1","1","3","4","3","1","12","1","0","13603","","","","16327","16327","","21634","28897","0.3341","","0.2493","","0.7837","0.8138","8750","47677","60571","57301"
"130226","scorecard_2026-06-10_most_recent","1","1","3","4","2","1","21","1","0","6531","0.7215","1242","","55480","55480","","40675","72215","0.8912","","0.757","","0.1617","0.5944","21500","56569","84363","79421"
"130253","scorecard_2026-06-10_most_recent","1","1","3","4","2","1","21","1","0","7087","0.6536","","","50404","50404","","46174","69289","0.8308","","0.7346","","0.158","0.5717","19860","56028","79431","73671"
"130314","scorecard_2026-06-10_most_recent","1","1","3","4","2","1","13","1","0","838","0.7859","950","","47278","47278","","27989","59900","0.8208","","0.6376","","0.3265","0.7065","24000","67243","73035","68425"
"130493","scorecard_2026-06-10_most_recent","1","1","3","4","1","1","12","1","0","6295","0.9147","","","13438","27378","20857","","29673","0.7787","","0.4993","","0.4083","0.5222","15000","41729","59787","58062"
"130590","scorecard_2026-06-10_most_recent","1","1","3","4","2","1","12","1","0","2146","0.2925","1415","31","70770","70770","","34832","87840","0.8995","","0.8377","","0.1377","0.3777","21000","51307","83645","79872"
"130624","scorecard_2026-06-10_most_recent","1","1","3","3","1","0","13","1","0","1108","0.2244","1339","27","","","","","","0.9861","","0.9273","","","","","","",""
"130697","scorecard_2026-06-10_most_recent","1","1","3","4","2","1","13","1","0","3067","0.1649","1501","33","70342","70342","","30177","89020","0.9488","","0.9264","","0.1419","0.1634","13824","41304","72119","73142"
"130776","scorecard_2026-06-10_most_recent","1","1","3","4","1","1","13","1","0","3511","0.8701","1110","","13401","16901","17604","","24877","0.7319","","0.5176","","0.3515","0.4859","17002","40889","60346","58873"
"130794","scorecard_2026-06-10_most_recent","1","1","3","4","2","1","12","1","0","6758","0.0387","1534","34","67250","67250","","23777","88300","0.9878","","0.9574","","0.2039","0.054","11648","64379","112971","93562"
"160959","scorecard_2026-06-10_most_recent","1","1","3","4","2","1","43","1","0","353","0.7017","1370","","47997","47997","","25184","58266","0.85","","0.6829","","0.2806","0.5306","17723","24098","32352","36037"
"160977","scorecard_2026-06-10_most_recent","1","1","3","3","2","1","13","1","0","1760","0.1332","1468","","66590","66590","","29351","83532","0.9129","","0.8969","","0.1152","0.138","12442","42831","70028","73010"
"160995","scorecard_2026-06-10_most_recent","1","2","2","4","3","1","13","1","0","484","","","","","","","40109","","0.25","","0.36","","0.5412","0.65","11261","39101","47611","38895"
"161004","scorecard_2026-06-10_most_recent","1","1","3","3","2","1","31","1","0","1873","0.0713","1520","","67832","67832","","14398","85100","0.9683","","0.9528","","0.1735","0.0838","12000","50632","79722","79736"
"161022","scorecard_2026-06-10_most_recent","1","1","2","3","2","1","13","1","0","239","0.7143","","","20952","20952","","26312","26827","","","0.6667","","0.5175","0.8991","12000","66521","72004","69660"
"161077","scorecard_2026-06-10_most_recent","1","1","2","2","1","1","13","1","0","2952","","","","4140","7020","6975","","15063","","0.5682","","0.3031","0.3543","0.1434","6568","39555","51345","46200"
"161086","scorecard_2026-06-10_most_recent","1","1","3","3","2","1","33","1","0","2407","0.0709","1501","33","69600","69600","","17180","85420","0.9365","","0.8879","","0.1432","0.0854","15000","43563","77429","70828"
"161138","scorecard_2026-06-10_most_recent","1","1","2","2","1","1","13","1","0","1840","","","","4156","7036","8928","","16791","","0.5629","","0.3209","0.3587","0.1425","7833","46300","48024","47752"
"161192","scorecard_2026-06-10_most_recent","1","1","2","2","1","1","33","1","0","1597","","","","4156","7036","3910","","12149","","0.6437","","0.3865","0.3125","0.1298","9500","42578","52079","48990"
"161208","scorecard_2026-06-10_most_recent","1","1","1","2","2","1","41","1","0","32","","","","29060","29060","","35532","42868","","1","","1","0.093","0.3256","7500","38305","55578","44027"
"161217","scorecard_2026-06-10_most_recent","1","1","3","4","1","1","32","1","0","2659","","","","8888","22178","10924","","19052","0.6","","0.2698","","0.3296","0.2598","13215","41393","51475","47260"
"161226","scorecard_2026-06-10_most_recent","1","1","3","4","1","1","43","1","0","1140","0.9672","1130","","11308","23878","16857","","25822","0.7277","","0.5154","","0.3016","0.39","16722","36871","44430","43862"
"161235","scorecard_2026-06-10_most_recent","1","1","3","4","1","1","43","1","0","599","0.9792","","","9420","14880","7482","","18703","0.8929","","0.3944","","0.1496","0.1754","12778","68245","74979","60664"
"161253","scorecard_2026-06-10_most_recent","1","2","3","4","1","1","23","1","0","8496","0.9664","","26","13326","36756","17510","","27328","0.8336","","0.5494","","0.2327","0.4201","16750","43355","63056","57355"
"161299","scorecard_2026-06-10_most_recent","1","1","3","4","1","1","42","1","0","942","0.5414","1166","","15158","31102","23414","","31046","0.8166","","0.5818","","0.2463","0.5816","26812","93824","113298","107211"
"161341","scorecard_2026-06-10_most_recent","1","1","3","4","1","1","41","1","0","1913","0.9987","","","9402","14862","7035","","19113","0.5842","","0.5155","","0.2435","0.2314","8275","37850","48577","41929"
"161457","scorecard_2026-06-10_most_recent","1","1","3","4","2","1","22","1","0","2135","0.9163","","","44210","44210","","38107","63245","0.7942","","0.6835","","0.1178","0.4093","20000","51457","71281","66501"
"161484","scorecard_2026-06-10_most_recent","1","1","2","2","1","1","33","1","0","638","","","","4156","7036","7181","","15918","","0.4828","","0.4231","0.5557","0.1205","8225","41476","44985","49935"
"161493","scorecard_2026-06-10_most_recent","1","7","1","1","3","1","13","1","0","117","","","","","","","16191","","","0.6364","","0.6667","0.5705","0.5705","7667","18326","27175","23009"
"161509","scorecard_2026-06-10_most_recent","1","1","3","4","2","1","13","1","0","415","0.7606","","","42942","42942","","38338","60128","0.7167","","0.5155","","0.2857","0.6949","19000","25999","40550","34439"
"161518","scorecard_2026-06-10_most_recent","1","1","3","4","2","1","41","1","0","964","0.8351","1040","","44420","44420","","27555","59782","0.7457","","0.6574","","0.2361","0.5958","19576","58171","73164","68578"
"161527","scorecard_2026-06-10_most_recent","1","4","1","1","3","1","22","1","0","263","","","","","","","29953","","","0.8413","","0.8472","0.3757","0.4365","6333","21382","32586","25727"
"161545","scorecard_2026-06-10_most_recent","1","1","2","2","1","1","13","1","0","5675","","","","4156","7036","11086","","18531","","0.5729","","0.2819","0.296","0.1181","6046","42029","53543","46606"
"161554","scorecard_2026-06-10_most_recent","1","1","3","4","1","1","13","1","0","4222","0.7923","1116","22","11284","27944","13596","","23717","0.7394","","0.4035","","0.2828","0.3473","12887","47251","60816","56117"
"161563","scorecard_2026-06-10_most_recent","1","1","3","4","2","1","33","1","0","647","0.963","","","31824","31824","","18885","47198","0.7749","","0.5369","","0.1815","0.3283","20000","40823","54264","53158"
"161572","scorecard_2026-06-10_most_recent","1","2","3","4","2","1","42","1","0","6483","","","","12640","12640","","19104","21931","0.3611","","0.2867","","0.6391","0.858","4752","34184","45016","43695"
"161581","scorecard_2026-06-10_most_recent","1","1","1","2","1","1","43","1","0","443","","","","4156","7036","5149","","13731","","0.6078","","0.5517","0.3869","0.0745","5500","","53998","39413"
"164368","scorecard_2026-06-10_most_recent","1","1","3","4","2","1","12","1","0","618","0.6048","","","57160","57160","","45447","79075","0.8025","","0.6667","","0.0735","0.085","11000","56569","75197","73047"
"164447","scorecard_2026-06-10_most_recent","1","1","3","4","2","1","12","1","0","1017","0.9957","","","44230","44230","","23274","59270","0.5673","","0.4591","","0.448","0.6728","21063","63284","71565","70016"
"164465","scorecard_2026-06-10_most_recent","1","1","3","3","2","1","13","1","0","1911","0.0901","1533","33","70480","70480","","23367","87640","0.9734","","0.939","","0.1984","0.0838","12000","47401","79243","88665"
"164492","scorecard_2026-06-10_most_recent","1","1","3","4","2","1","41","1","0","906","0.503","","","44571","44571","","28333","61888","0.6032","","0.4623","","0.3429","0.6541","17500","61575","74347","75529"
"164535","scorecard_2026-06-10_most_recent","1","1","1","0","1","1","21","1","0","47","0.8548","","","","","29449","","","","0.3333","","0.5","0.5625","0.625","9500","64001","76487","61829"
"164562","scorecard_2026-06-10_most_recent","1","1","3","4","2","1","12","1","0","1669","0.8298","","","51356","51356","","29498","65551","0.8392","","0.7523","","0.2198","0.8365","24250","47681","67745","65990"
"164580","scorecard_2026-06-10_most_recent","1","1","3","4","2","1","21","1","0","2728","0.1709","1457","32","57152","57152","","40514","80192","0.9457","","0.9312","","0.1628","0.2707","19000","74451","117794","113760"
"164614","scorecard_2026-06-10_most_recent","1","1","3","3","2","1","11","1","0","19","0.9091","","","14304","14304","","17933","23370","0.3333","","0.1429","","0.5455","0.4242","","21914","38707","38565"
"164632","scorecard_2026-06-10_most_recent","1","1","3","4","2","1","21","1","0","1108","0.852","1120","","38302","38302","","14271","47308","0.728","","0.4394","","0.6377","0.7825","19100","46059","62912","53900"
"164739","scorecard_2026-06-10_most_recent","1","1","3","4","2","1","13","1","0","4474","0.4505","1352","30","61000","61000","","37930","79548","0.9268","","0.8679","","0.1607","0.4317","24007","71978","108577","105451"
"164748","scorecard_2026-06-10_most_recent","1","1","3","4","2","1","11","1","0","7468","0.4353","","","52040","52040","","49465","72700","0.8857","","0.6731","","0.1618","0.3392","15750","20342","41028","32591"
"164775","scorecard_2026-06-10_most_recent","1","1","2","2","1","1","41","1","0","1358","","","","6164","11468","9921","","18062","","0.569","","0.2","0.3251","0.3041","8250","40052","47666","45807"
"164872","scorecard_2026-06-10_most_recent","1","1","1","4","2","1","11","1","0","280","","","","27470","27470","","25865","40343","0.75","","0.3158","","0.2876","0.4477","24750","58711","79953","75759"
"164915","scorecard_2026-06-10_most_recent","1","1","4","4","2","1","21","1","0","","","","","","","","","","","","","","","","","","",""
"164924","scorecard_2026-06-10_most_recent","1","1","3","4","2","1","13","1","0","10085","0.1643","1507","34","70702","70702","","41704","89493","0.9602","","0.9083","","0.1291","0.2996","17962","61773","96145","90978"
"164988","scorecard_2026-06-10_most_recent","1","1","3","4","2","1","11","1","0","18248","0.1111","1480","33","68102","68102","","24402","86285","0.9472","","0.8866","","0.1915","0.2292","21500","55834","83615","77307"
"165015","scorecard_2026-06-10_most_recent","1","1","3","4","2","1","13","1","0","3618","0.405","1462","33","68080","68080","","35736","86448","0.8702","","0.8603","","0.1497","0.2822","23250","44493","76742","76579"
"165024","scorecard_2026-06-10_most_recent","1","1","3","4","1","1","21","1","0","7829","0.8781","1180","24","11808","17948","16383","","26160","0.7512","","0.5341","","0.3194","0.7498","18746","42562","59669","56900"
"165033","scorecard_2026-06-10_most_recent","1","1","2","2","1","1","21","1","0","6083","","","","5832","10776","5547","","12168","","0.5438","","0.2246","0.4616","0.2516","5250","36168","48840","43979"
"165060","scorecard_2026-06-10_most_recent","1","1","1","1","2","1","21","1","0","146","0.3415","","","","","","22761","","","0.875","","0.3333","0.5141","0.7627","15555","69388","81314","80662"
"165112","scorecard_2026-06-10_most_recent","1","1","2","2","1","1","11","1","0","8612","","","","6168","11112","7818","","14899","","0.6651","","0.1323","0.3785","0.094","5500","43564","56376","51914"
"165167","scorecard_2026-06-10_most_recent","1","1","3","4","2","1","11","1","0","532","","","","18378","18378","","31072","34072","1","","0.1111","","0.2999","0.3933","14917","57241","61712","57105"
"165194","scorecard_2026-06-10_most_recent","1","1","2","2","1","1","13","1","0","2911","","","","6000","10944","8296","","15053","","0.6875","","0.223","0.3364","0.0975","6443","42250","54922","48523"
"165255","scorecard_2026-06-10_most_recent","1","1","1","1","3","1","21","1","0","174","","","","","","","20086","","","0.9535","","0.9605","0.2059","0.4588","5500","26467","38872","29350"
"165264","scorecard_2026-06-10_most_recent","1","1","2","3","2","1","21","1","0","525","0.5","","","30618","30618","","36863","36863","","","1","","0.3543","0.6778","15998","72072","90473","83261"
"165334","scorecard_2026-06-10_most_recent","1","1","3","4","2","1","12","1","0","2214","0.3954","1370","29","58867","58867","","28714","68432","0.8617","","0.7694","","0.2313","0.5775","22141","39538","63965","63150"
"165495","scorecard_2026-06-10_most_recent","1","1","4","4","2","1","13","1","0","","","","","","","","","","","","","","","","","","",""
"165529","scorecard_2026-06-10_most_recent","1","1","3","4","2","1","21","1","0","1780","0.8765","1125","","47970","47970","","29207","64020","0.6616","","0.5112","","0.3091","0.709","18320","55095","72447","71303"
"165574","scorecard_2026-06-10_most_recent","1","1","3","3","2","1","21","1","0","1089","0.7371","","","46526","46526","","30684","64889","0.6835","","0.5359","","0.3371","0.715","12000","29263","41151","36113"
"165608","scorecard_2026-06-10_most_recent","1","1","1","1","1","1","21","1","0","17","0.3923","","","","","21734","","","","0.6667","","0.75","0.5","0.6429","5745","55111","68168","60945"
"165635","scorecard_2026-06-10_most_recent","1","1","1","1","3","1","21","1","0","241","","","","","","","27871","","","0.82","","0.75","0.5421","0.8941","14750","45591","72763","63641"
"165662","scorecard_2026-06-10_most_recent","1","1","3","4","2","1","11","1","0","3870","0.5131","1358","30","57056","57056","","49180","80399","0.8736","","0.7711","","0.1551","0.4295","19000","30413","55925","55447"
"165671","scorecard_2026-06-10_most_recent","1","1","3","4","2","1","11","1","0","1854","0.7565","1250","29","48550","48550","","26706","65252","0.7858","","0.6751","","0.2235","0.6092","22969","41517","63280","63701"
"165699","scorecard_2026-06-10_most_recent","1","1","3","4","2","1","21","1","0","3125","0.7121","1274","","40650","40650","","40654","59328","0.8436","","0.7556","","0.13","0.627","23250","50584","69414","69358"
"165750","scorecard_2026-06-10_most_recent","1","1","1","1","3","1","21","1","0","97","","","","","","","29124","","","0.8491","","0.8684","0.55","0.7188","5500","19203","19985",""
"165802","scorecard_2026-06-10_most_recent","1","1","3","4","2","1","11","1","0","1167","0.7068","","20","35689","35689","","26649","53921","0.5459","","0.2775","","0.3967","0.6113","12500","42580","57557","52092"
"165820","scorecard_2026-06-10_most_recent","1","1","3","4","1","1","22","1","0","2752","0.8693","1150","22","11346","17426","14262","","25555","0.6947","","0.5512","","0.3279","0.4676","18220","50473","63994","63963"
"165866","scorecard_2026-06-10_most_recent","1","1","3","4","1","1","13","1","0","2566","0.8361","1180","29","11920","18000","16114","","27413","0.7099","","0.478","","0.3688","0.5083","17224","43743","61569","59034"
"165884","scorecard_2026-06-10_most_recent","1","1","1","3","2","1","11","1","0","483","","","","18906","18906","","15488","30406","0.5","","0.4577","","0.3966","0.3678","9500","38105","57093","58885"
"165936","scorecard_2026-06-10_most_recent","1","1","3","4","2","1","41","1","0","1278","0.6923","1265","27","30700","30700","","24883","42446","0.8442","","0.6854","","0.208","0.5259","23250","37667","57638","53021"
"165945","scorecard_2026-06-10_most_recent","1","1","4","4","2","1","21","1","0","","","","","","","","","","","","","","","","","57735","59830","67974"
"165981","scorecard_2026-06-10_most_recent","1","1","2","2","1","1","32","1","0","1395","","","","5810","11930","7679","","14762","","0.63","","0.3077","0.3756","0.0693","5500","40039","52747","44881"
"166018","scorecard_2026-06-10_most_recent","1","1","3","3","2","1","41","1","0","839","0.7528","","","58896","58896","","24034","74195","0.7838","","0.5426","","0.3933","0.6165","25000","20377","36500","32244"
"166027","scorecard_2026-06-10_most_recent","1","1","3","4","2","1","12","1","0","7601","0.0365","1553","35","61676","61676","","19066","85540","0.983","","0.9758","","0.1643","0.0444","12500","92518","134794","124581"
"166045","scorecard_2026-06-10_most_recent","1","1","4","4","2","1","13","1","0","0","","","","","","","","","","","","","","","","","",""
"166054","scorecard_2026-06-10_most_recent","1","1","3","4","2","1","21","1","0","64","0.7963","","","22490","22490","","25203","41282","0.7143","","0.4444","","0.2424","0.3788","13521","","50999","49115"
"166124","scorecard_2026-06-10_most_recent","1","1","3","3","2","1","12","1","0","3106","0.1761","1353","30","64500","64500","","38782","80334","0.9478","","0.8733","","0.148","0.3768","25879","48020","84553","82319"
"166133","scorecard_2026-06-10_most_recent","1","1","2","2","1","1","41","1","0","3591","","","","5988","10932","8068","","15043","","0.6224","","0.2938","0.4269","0.2434","4750","34858","46724","43990"
"166391","scorecard_2026-06-10_most_recent","1","1","3","4","2","1","13","1","0","1226","0.8122","1100","27","27040","27040","","27511","42434","0.7038","","0.5864","","0.3128","0.7168","21500","37194","58411","57604"
"166407","scorecard_2026-06-10_most_recent","1","1","2","2","2","1","21","1","0","174","","","","31038","31038","","","","","","","","0.3846","0.7744","20000","74995","85387","85870"
"166452","scorecard_2026-06-10_most_recent","1","1","3","4","2","1","12","1","0","1122","0.9687","","","34256","34256","","31152","51538","0.7228","","0.5802","","0.3055","0.5387","15000","39406","55117","52205"
"166489","scorecard_2026-06-10_most_recent","0","15","1","4","2","1","12","1","0","10","","","","55275","55275","","38530","72450","0.8571","","0.7778","","0.0588","0.1176","19000","21735","45380","37767"
"166498","scorecard_2026-06-10_most_recent","1","1","1","1","3","1","21","1","0","66","","","","","","","14839","","","0.92","","0.8235","0.5745","0.6383","5500","17385","32789","30835"
"166513","scorecard_2026-06-10_most_recent","1","1","3","4","1","1","21","1","0","11434","0.8304","1285","29","16966","36264","17163","","30786","0.8399","","0.6482","","0.3","0.5302","18250","59431","81163","75948"
"166629","scorecard_2026-06-10_most_recent","1","1","3","4","1","1","13","1","0","23671","0.5973","1423","31","17772","40449","22383","","34549","0.9191","","0.8326","","0.1994","0.4662","20000","51780","78620","74615"
"166638","scorecard_2026-06-10_most_recent","1","1","3","4","1","1","11","1","0","11512","0.8378","1194","27","15908","38125","17707","","30544","0.7041","","0.4941","","0.4155","0.506","15000","49875","69532","69745"
"166647","scorecard_2026-06-10_most_recent","1","1","2","2","1","1","21","1","0","3837","","","","5856","10800","7169","","14185","","0.5589","","0.172","0.2502","0.0961","4620","42083","56076","52285"
"166656","scorecard_2026-06-10_most_recent","1","1","3","4","2","1","11","1","0","3451","0.8521","1269","27","40530","40530","","39545","65022","0.7396","","0.6202","","0.3006","0.6658","25000","74892","93192","84862"
"166674","scorecard_2026-06-10_most_recent","1","1","3","4","1","1","11","1","0","1831","0.7627","","","15400","43400","24100","","34239","0.891","","0.6887","","0.2953","0.5117","19500","24364","45607","46425"
"166683","scorecard_2026-06-10_most_recent","1","1","3","4","2","1","12","1","0","4535","0.0455","1560","","62396","62396","","20111","82730","0.9908","","0.9641","","0.1932","0.0669","12462","109923","161961","148383"
"166692","scorecard_2026-06-10_most_recent","1","1","3","4","1","1","21","1","0","1395","0.947","","","11420","23722","21582","","31367","0.868","","0.7406","","0.1896","0.8072","20500","73306","103680","98832"
"166708","scorecard_2026-06-10_most_recent","1","1","4","4","1","1","12","1","0","","","","","","","","","","","","","","","","","78602","140623","130425"
"166717","scorecard_2026-06-10_most_recent","1","1","3","4","2","1","13","1","0","39","","","","","","","","","","","","","0.5556","0.6667","","74282","91134",""
"166805","scorecard_2026-06-10_most_recent","1","1","1","1","3","1","21","1","0","44","","","","","","","15216","","","0.8","","1","0.6038","0.6509","6252","20051","","18817"
"166823","scorecard_2026-06-10_most_recent","1","1","2","2","1","1","21","1","0","4235","","","","5376","10320","8460","","14904","","0.6263","","0.1938","0.2834","0.0583","5567","39651","54288","45532"
"166850","scorecard_2026-06-10_most_recent","1","1","3","4","2","1","21","1","0","3916","0.7002","","","53962","53962","","37927","70038","0.7927","","0.7005","","0.1558","0.5999","23750","47761","65506","66201"
"166869","scorecard_2026-06-10_most_recent","1","1","3","4","2","1","11","1","0","164","","","","","","","","","","","","","0","0.2315","24700","82400","93163","88737"
"166887","scorecard_2026-06-10_most_recent","1","1","2","2","1","1","21","1","0","5412","","","","6048","12120","2624","","10342","","0.6364","","0.2343","0.2","0.0529","5187","40236","56301","49641"
"166911","scorecard_2026-06-10_most_recent","1","1","3","3","2","1","21","1","0","226","","","","40690","40690","","33216","58616","0.9091","","0.5347","","0.35","0.7538","23707","23782","35321","34625"
"166939","scorecard_2026-06-10_most_recent","1","1","3","4","2","1","21","1","0","2169","0.3603","1463","33","67018","67018","","26441","84926","0.8859","","0.8439","","0.2189","0.4351","18258","32877","54450","54985"
"166957","scorecard_2026-06-10_most_recent","1","1","2","2","1","1","22","1","0","3059","","","","6160","11080","7931","","15487","","0.6337","","0.2381","0.4391","0.1692","5500","44743","53977","49806"
"167039","scorecard_2026-06-10_most_recent","1","1","1","1","3","1","22","1","0","15","","","","","","","25805","","","0.6923","","0.75","0.2667","0.3333","","","",""
"167057","scorecard_2026-06-10_most_recent","1","1","3","4","2","1","11","1","0","393","0.411","","","60750","60750","","46754","81277","0.8842","","0.7339","","0.0738","0.2341","19500","","33743","37083"
"167093","scorecard_2026-06-10_most_recent","1","1","3","4","2","1","11","1","0","","","","","","","","","","","","","","","","","","",""
"167215","scorecard_2026-06-10_most_recent","1","1","4","4","2","1","11","1","0","","","","","","","","","","","","","","","","","75769","93612","78266"
"167260","scorecard_2026-06-10_most_recent","1","1","3","4","2","1","21","1","0","1163","0.8084","1140","23","42705","42705","","33036","58310","0.7246","","0.6261","","0.2552","0.6866","19500","46704","64532","63107"
"167288","scorecard_2026-06-10_most_recent","1","1","3","4","1","1","31","1","0","713","0.8974","","","12436","21381","16068","","26026","0.7566","","0.5564","","0.4127","0.6077","15750","35271","48835","46580"
"167297","scorecard_2026-06-10_most_recent","1","1","1","1","2","1","11","1","0","155","","","","","","","27251","","","0.9","","0.9","0.1975","0.3333","9500","34622","57182","47969"
"167312","scorecard_2026-06-10_most_recent","1","1","2","2","1","1","21","1","0","4393","","","","5352","10920","9000","","15896","","0.6086","","0.1778","0.32","0.1043","5500","40704","54714","50378"
"167358","scorecard_2026-06-10_most_recent","1","2","3","4","2","1","11","1","0","17326","0.0522","1497","34","66162","66162","","30915","84641","0.969","","0.9054","","0.1234","0.2732","22000","74155","101903","94528"
"167376","scorecard_2026-06-10_most_recent","1","1","2","2","1","1","21","1","0","3685","","","","6732","12516","6046","","13201","","0.6106","","0.2087","0.4674","0.0967","5661","40197","52743","48978"
"167394","scorecard_2026-06-10_most_recent","1","1","3","4","2","1","21","1","0","949","0.8526","","","43325","43325","","17545","54027","0.7602","","0.6809","","0.4509","0.7052","20500","54579","64421","67610"
"167525","scorecard_2026-06-10_most_recent","1","1","2","3","1","1","21","1","0","2300","","","","8938","8938","17126","","22528","0.6","","0.1509","","0.331","0.2167","8300","35792","59190","60318"
"167534","scorecard_2026-06-10_most_recent","1","1","2","2","1","1","12","1","0","6447","","","","6262","11206","9090","","15921","","0.6204","","0.2162","0.3819","0.2991","10500","47136","55076","50002"
"167598","scorecard_2026-06-10_most_recent","1","1","3","4","2","1","21","1","0","956","0.6978","","","49680","49680","","27477","65546","0.7895","","0.7217","","0.3101","0.6546","23750","72298","84660","67681"
"167631","scorecard_2026-06-10_most_recent","1","1","2","2","1","1","11","1","0","1977","","","","6024","11328","12244","","16621","","0.3614","","0.2833","0.5734","0","","41027","60232","49993"
"167677","scorecard_2026-06-10_most_recent","1","1","3","4","2","1","11","1","0","7","","","","","","","","","","","","","0","0","","","",""
"167729","scorecard_2026-06-10_most_recent","1","1","3","4","1","1","21","1","0","4291","0.9588","","","12338","19531","15996","","28291","0.7525","","0.4977","","0.3538","0.491","19500","46092","62605","60219"
"167783","scorecard_2026-06-10_most_recent","1","1","3","4","2","1","11","1","0","1670","0.6998","1316","29","46874","46874","","25265","63460","0.8481","","0.7234","","0.3318","0.6341","21780","56491","73823","72384"
"167835","scorecard_2026-06-10_most_recent","1","1","3","4","2","1","13","1","0","2544","0.21","1500","33","65178","65178","","27579","86030","0.943","","0.8905","","0.1788","0.1409","13500","32340","57618","54422"
"167871","scorecard_2026-06-10_most_recent","1","1","1","1","1","1","21","1","0","260","0.7057","","","","","7060","","","","0.7143","","0.7436","0.3184","0.397","6750","41005","48037","46106"
"167899","scorecard_2026-06-10_most_recent","1","1","3","4","2","1","12","1","0","1751","0.7189","1275","27","45174","45174","","30587","60729","0.8067","","0.7419","","0.2236","0.7212","23000","38460","60428","55341"
"167905","scorecard_2026-06-10_most_recent","1","1","2","2","1","1","12","1","0","4759","","","","5904","11112","5662","","14971","","0.6268","","0.318","0.5012","0.2206","4996","39700","51917","47604"
"167987","scorecard_2026-06-10_most_recent","1","1","3","4","1","1","22","1","0","5221","0.9064","1182","23","15612","32567","20927","","33485","0.636","","0.5207","","0.3702","0.6433","18133","50652","69251","68294"
"167996","scorecard_2026-06-10_most_recent","1","1","3","4","2","1","21","1","0","2528","0.6628","","","57490","57490","","33016","72714","0.8396","","0.76","","0.1706","0.6242","23472","45932","73137","69740"
"168005","scorecard_2026-06-10_most_recent","1","1","3","4","2","1","11","1","0","4268","0.8233","1216","26","47550","47550","","29618","65281","0.7543","","0.6088","","0.2995","0.5477","20500","47267","74456","69332"
"168032","scorecard_2026-06-10_most_recent","1","1","1","1","3","1","21","1","0","23","","","","","","","20493","","","0.5455","","0.8125","0.3824","0.6471","5500","","",""
"168148","scorecard_2026-06-10_most_recent","1","1","3","4","2","1","21","1","0","7061","0.1149","1513","34","70704","70704","","39998","88300","0.955","","0.9351","","0.1204","0.1886","15043","63641","97474","86650"
"168218","scorecard_2026-06-10_most_recent","1","1","3","3","2","1","21","1","0","2300","0.1405","1520","33","67176","67176","","25496","86290","0.965","","0.9153","","0.2113","0.1613","8700","43659","72449","66433"
"168227","scorecard_2026-06-10_most_recent","1","1","3","4","2","1","11","1","0","3747","0.9121","1229","28","42884","42884","","34170","61096","0.8376","","0.6824","","0.2311","0.5468","18500","77159","95027","94129"
"168254","scorecard_2026-06-10_most_recent","1","1","3","4","2","1","12","1","0","2603","0.8348","1192","28","47820","47820","","27290","60262","0.7397","","0.6398","","0.2446","0.7794","19500","53402","76928","73893"
"168263","scorecard_2026-06-10_most_recent","1","1","3","4","1","1","21","1","0","3615","0.8141","","20","12179","18259","16721","","27649","0.739","","0.5441","","0.3295","0.5055","15250","40719","59434","57717"
"168281","scorecard_2026-06-10_most_recent","1","1","3","3","2","1","21","1","0","1773","0.6773","1308","30","63960","63960","","29822","79311","0.8218","","0.7282","","0.2217","0.7754","23000","33840","57982","60135"
"168342","scorecard_2026-06-10_most_recent","1","1","3","4","2","1","31","1","0","2076","0.0825","1533","","68560","68560","","17716","84860","0.9685","","0.9361","","0.1761","0.0483","11667","47778","80487","77321"
"168421","scorecard_2026-06-10_most_recent","1","1","3","4","2","1","12","1","0","5447","0.6016","","","60965","60965","","43071","78679","0.9366","","0.8971","","0.1188","0.5173","26978","85022","105724","104714"
"168430","scorecard_2026-06-10_most_recent","1","1","3","4","1","1","12","1","0","3930","0.8799","1150","24","11786","17866","13381","","22874","0.7814","","0.6145","","0.3","0.4421","13916","43290","63801","62731"
"182634","scorecard_2026-06-10_most_recent","1","1","3","4","2","1","43","1","0","771","0.8008","","","19125","19125","","27431","38527","0.7674","","0.5745","","0.2278","0.6571","19500","45135","57874","55900"
"182670","scorecard_2026-06-10_most_recent","1","1","3","4","2","1","33","1","0","4541","0.054","1534","34","68268","68268","","29519","87793","0.9842","","0.9554","","0.1435","0.1203","15157","68361","111883","108126"
"182704","scorecard_2026-06-10_most_recent","0","2","1","1","3","1","32","1","0","92","","","","","","","11382","","","0.7727","","0.6429","0.3534","0.5259","7461","24134","35339","31933"
"182722","scorecard_2026-06-10_most_recent","1","1","1","1","3","1","23","1","0","184","","","","","","","9170","","","1","","0.6667","0.2851","0.383","6333","19609","32919","21792"
"182795","scorecard_2026-06-10_most_recent","1","1","3","4","2","1","42","1","0","992","0.9347","1175","","46442","46442","","27154","64185","0.7434","","0.5351","","0.293","0.7032","19500","40239","66687","61532"
"182829","scorecard_2026-06-10_most_recent","0","4","4","4","1","1","31","1","0","","","","","","","","","","","","","","","","22498","48645","71253","66239"
"182892","scorecard_2026-06-10_most_recent","1","1","1","1","3","1","32","1","0","50","","","","","","","14027","","","0.625","","0.6154","0.3723","0.5745","8371","19245","33472","27958"
"182980","scorecard_2026-06-10_most_recent","1","1","3","4","2","1","42","1","0","1022","0.9213","","","41938","41938","","26972","59350","0.6128","","0.3451","","0.36","0.715","15603","38207","55330","47799"
"183026","scorecard_2026-06-10_most_recent","1","1","3","4","2","1","22","1","0","163164","0.9951","","","17200","17200","","36708","40918","0.6112","","0.4283","","0.4875","0.5821","9169","54644","67139","63467"
"183044","scorecard_2026-06-10_most_recent","1","4","3","4","1","1","31","1","0","11261","0.8816","1218","28","19202","39852","23805","","35537","0.8727","","0.7607","","0.1813","0.5663","22498","48645","71253","66239"
"183062","scorecard_2026-06-10_most_recent","1","1","3","4","1","1","32","1","0","2699","0.9033","","25","14784","26840","17887","","29993","0.7868","","0.6006","","0.2616","0.6656","19500","39208","58191","55325"
"183071","scorecard_2026-06-10_most_recent","0","4","3","4","1","1","12","1","0","443","0.8087","1100","","15838","36418","9992","","20020","0.8529","","0.5","","0.2882","0.4313","22498","48645","71253","66239"
"183080","scorecard_2026-06-10_most_recent","1","1","3","4","1","1","33","1","0","3153","0.8754","","","14626","25566","19216","","29644","0.6845","","0.5203","","0.2809","0.6912","17000","40257","57351","56500"
"183099","scorecard_2026-06-10_most_recent","1","1","2","2","1","1","31","1","0","2154","","","","7200","15450","18011","","23726","","0.6916","","0.2929","0.2828","0.3509","9168","48281","55056","54158"
"183105","scorecard_2026-06-10_most_recent","1","1","1","2","1","1","33","1","0","450","","","","7050","15300","15474","","21739","","0.84","","0.618","0.4016","0.3169","8400","49704","60674","43285"
"183114","scorecard_2026-06-10_most_recent","1","1","2","2","1","1","41","1","0","608","","","","6940","15190","14804","","23244","","0.4138","","0.2188","0.3976","0.4169","10000","47651","54465","49093"
"183123","scorecard_2026-06-10_most_recent","1","1","2","2","1","1","32","1","0","482","","","","6720","14970","13124","","21494","","0.5579","","0.4615","0.2691","0.2748","9500","","49311","50161"
"183132","scorecard_2026-06-10_most_recent","1","1","2","2","1","1","12","1","0","1587","","","","7090","15340","14143","","20703","","0.6075","","0.413","0.25","0.2599","9500","40415","44863",""
"183141","scorecard_2026-06-10_most_recent","1","1","2","2","1","1","13","1","0","1135","","","","7140","15390","23154","","29014","","0.6414","","0.3765","0.2401","0.2036","7833","34583","54792","48843"
"183150","scorecard_2026-06-10_most_recent","1","1","2","2","1","1","23","1","0","1259","","","","7200","15450","15768","","21963","","0.6603","","0.3351","0.2576","0.2347","7466","43175","54407","48245"
"183202","scorecard_2026-06-10_most_recent","1","1","1","1","3","1","23","1","0","73","","","","","","","29986","","","1","","0.9474","0.27","0.55","9833","23663","31050","35956"
"183211","scorecard_2026-06-10_most_recent","1","1","3","4","2","1","13","1","0","1231","0.8259","1070","","39488","39488","","28082","53499","0.7571","","0.5167","","0.2831","0.6974","21000","61899","79087","72517"
"183239","scorecard_2026-06-10_most_recent","1","1","3","4","2","1","22","1","0","2087","0.7805","1201","27","48920","48920","","34779","67213","0.8813","","0.8003","","0.1135","0.6852","26987","50718","76334","75975"
"183248","scorecard_2026-06-10_most_recent","1","1","2","2","2","1","13","1","0","93","","","","23438","23438","","","","","1","","1","0.1923","0.5288","14125","71215","89260","81419"
"183257","scorecard_2026-06-10_most_recent","0","4","3","4","1","1","12","1","1","1157","","","","7724","9284","10864","","15451","0.625","","0.2955","","0.3182","0.3309","22498","48645","71253","66239"
"183275","scorecard_2026-06-10_most_recent","1","1","3","3","2","1","22","1","0","97","","","","30400","30400","","18489","42082","0.88","","0.625","","0.4455","0.8218","22475","33383","54779","35029"
"217156","scorecard_2026-06-10_most_recent","1","1","3","4","2","1","12","1","0","7226","0.0539","1546","34","71412","71412","","25184","87648","0.9882","","0.9569","","0.1384","0.0959","10000","59042","94678","84446"
"217165","scorecard_2026-06-10_most_recent","1","1","3","4","2","1","21","1","0","3194","0.6546","1265","28","52677","52677","","41219","69964","0.8691","","0.7975","","0.1253","0.5151","23250","62350","90592","88644"
"217235","scorecard_2026-06-10_most_recent","1","2","3","4","2","1","12","1","0","3868","0.8841","1050","","42419","42419","","31027","60314","0.8199","","0.5541","","0.3004","0.7171","16334","33862","54530","44296"
"217305","scorecard_2026-06-10_most_recent","1","1","2","4","2","1","21","1","0","1718","0.6673","","","37275","37275","","36483","48543","0.74","","0.5954","","0.4334","0.712","12000","48461","62151","59222"
"217323","scorecard_2026-06-10_most_recent","1","2","1","1","3","1","21","1","0","646","","","","","","","15866","","","0.7547","","0.8111","0.5787","0.5801","6333","49157","61966","56445"
"217402","scorecard_2026-06-10_most_recent","1","1","3","4","2","1","12","1","0","4229","0.5089","1346","29","63550","63550","","48523","80466","0.9395","","0.8582","","0.1343","0.5705","27000","53409","83143","79344"
"217420","scorecard_2026-06-10_most_recent","1","1","3","4","1","1","21","1","0","5049","0.9182","990","","11300","27299","9478","","17454","0.7334","","0.4813","","0.4205","0.4706","13833","45172","59430","57191"
"217475","scorecard_2026-06-10_most_recent","1","1","2","2","1","1","13","1","0","11171","","","","5550","14834","6513","","12725","","0.5929","","0.2615","0.4665","0.1138","5567","36367","51971","51547"
"217484","scorecard_2026-06-10_most_recent","1","1","3","4","1","1","21","1","0","13381","0.7216","1160","28","16942","37146","21440","","34321","0.8362","","0.7331","","0.2176","0.4917","17750","49926","73243","67282"
"217493","scorecard_2026-06-10_most_recent","1","1","3","4","2","1","12","1","0","2084","0.1866","1473","31","62688","62688","","50507","81727","0.9504","","0.8877","","0.1482","0.2859","23250","22778","56554","58302"
"217518","scorecard_2026-06-10_most_recent","1","2","3","4","2","1","21","1","0","3946","0.8771","1223","","44418","44418","","37999","61950","0.8109","","0.6865","","0.164","0.556","19500","44502","68129","68058"
"217536","scorecard_2026-06-10_most_recent","1","1","3","4","2","1","21","1","0","2121","0.6817","1232","","50100","50100","","36967","70630","0.8279","","0.7688","","0.1507","0.7024","27000","53383","70451","69695"
"217581","scorecard_2026-06-10_most_recent","0","9","1","1","3","1","12","1","0","107","","","","","","","22794","","","0.7885","","0.8776","0.5973","0.5023","6333","18299","26762","22786"
"217606","scorecard_2026-06-10_most_recent","1","1","3","4","2","1","21","1","0","86","","","","14160","14160","","23635","29902","0.4","","0.5435","","0.5109","0.6196","16657","26848","36818","42552"
"230816","scorecard_2026-06-10_most_recent","1","1","3","4","2","1","32","1","0","780","0.4453","1364","","66262","66262","","30947","87284","0.8204","","0.7121","","0.2527","0.504","19250","21186","38899","34772"
"230852","scorecard_2026-06-10_most_recent","1","1","3","4","2","1","13","1","0","2752","0.8292","1312","","47850","47850","","35860","65009","0.817","","0.6523","","0.2502","0.5187","19500","49559","71587","59133"
"230861","scorecard_2026-06-10_most_recent","1","1","2","2","1","1","41","1","0","2841","","","","6920","13640","13696","","21123","","0.4899","","0.1963","0.295","0.0368","5702","34293","45151","38919"
"230959","scorecard_2026-06-10_most_recent","1","2","3","4","2","1","32","1","0","2738","0.1075","1508","33","67600","67600","","31483","85880","0.9366","","0.914","","0.1589","0.2271","11522","50392","71188","77212"
"230995","scorecard_2026-06-10_most_recent","1","1","3","4","2","1","42","1","0","2428","0.7444","1190","","49740","49740","","22257","67357","0.7926","","0.6021","","0.2441","0.4637","17501","48642","75909","73483"
"231004","scorecard_2026-06-10_most_recent","1","1","1","1","3","1","22","1","0","80","","","","","","","28304","","","0.88","","0.6667","0.3389","0.1333","6333","24037","33777","29545"
"231059","scorecard_2026-06-10_most_recent","1","1","3","4","2","1","22","1","0","1092","0.8451","1245","","51450","51450","","25239","69079","0.7994","","0.7277","","0.2368","0.5756","21500","40302","60903","56162"
"231068","scorecard_2026-06-10_most_recent","1","1","4","4","2","1","41","1","0","0","","","","","","","","","","","","","","","","","50920",""
"231095","scorecard_2026-06-10_most_recent","1","1","3","3","2","1","43","1","0","50","0.6667","","","40760","40760","","21854","54410","0.8571","","0.3158","","0.4487","0.3718","13625","25883","29415","29482"
"231147","scorecard_2026-06-10_most_recent","1","1","4","4","2","1","43","1","0","","","","","","","","","","","","","","","","","","84237",""
"231165","scorecard_2026-06-10_most_recent","1","1","3","4","1","1","43","1","0","3590","0.8167","","","11952","22296","18212","","25988","0.6783","","0.4722","","0.3413","0.5801","11000","41804","56249","54394"
"231174","scorecard_2026-06-10_most_recent","1","1","3","4","1","1","13","1","0","11743","0.653","1374","31","19058","45502","19343","","35649","0.8918","","0.7859","","0.1315","0.3743","17500","40117","62009","60834"
"245865","scorecard_2026-06-10_most_recent","0","5","4","4","2","1","32","1","0","","","","","","","","","","","","","","","","17103","46793","63882","54086"
"247649","scorecard_2026-06-10_most_recent","1","1","2","4","2","1","42","1","0","455","0.4944","","","66540","66540","","56954","83124","0.6301","","0.4302","","0.1622","0.2157","8875","20196","31926","31720"
"369002","scorecard_2026-06-10_most_recent","1","1","4","4","2","1","21","1","0","","","","","","","","","","","","","","","","","","",""
"373678","scorecard_2026-06-10_most_recent","1","1","1","1","3","1","21","1","0","87","","","","","","","16917","","","0.9474","","0.6667","0.3731","0.1679","","16593","33954","24709"
"373696","scorecard_2026-06-10_most_recent","1","2","1","1","3","1","12","1","0","109","","","","","","","25383","","","0.8333","","0.9032","0.516","0.5691","5500","16824","29694","17415"
"373711","scorecard_2026-06-10_most_recent","1","1","1","1","1","1","41","1","0","70","0.7143","","","","","8373","","","","0.6071","","0.76","0.4471","0.6706","9500","58852","67736","61799"
"382416","scorecard_2026-06-10_most_recent","1","1","1","1","1","1","21","1","0","80","0.75","","","","","19205","","","","0.9091","","1","0.3049","0.2805","7833","65572","69121","70797"
"407179","scorecard_2026-06-10_most_recent","0","13","1","1","3","1","21","1","0","95","","","","","","","18534","","","0.8056","","0.7805","0.5731","0.5029","7851","15803","27559","22600"
"409616","scorecard_2026-06-10_most_recent","0","2","4","4","2","1","21","1","0","","","","","","","","","","","","","","","","19500","44502","68129","68058"
"410964","scorecard_2026-06-10_most_recent","1","1","1","1","3","1","21","1","0","47","","","","","","","22951","","","1","","1","0.2727","0.3636","9500","20840","32990","30486"
"412535","scorecard_2026-06-10_most_recent","1","1","1","1","1","1","21","1","0","37","","","","","","35126","","","","1","","0.8","0.5429","0.7143","4750","71996","76427","73370"
"414124","scorecard_2026-06-10_most_recent","1","2","1","1","3","1","21","1","0","312","","","","","","","20255","","","0.8235","","0.8921","0.4956","0.4991","9350","36966","46174","41397"
"415057","scorecard_2026-06-10_most_recent","1","1","1","1","3","1","12","1","0","114","","","","","","","42758","","","0.8571","","0.783","0.3611","0.3889","8490","42380","54088","55352"
"419095","scorecard_2026-06-10_most_recent","1","1","1","1","1","1","41","1","0","41","","","","","","14998","","","","1","","1","0.5","0","","43765","","38576"
"420440","scorecard_2026-06-10_most_recent","1","1","2","2","1","1","23","1","0","1133","","","","4156","7036","5875","","15075","","0.568","","0.3383","0.2492","0.06","5500","36028","46153","41132"
"429128","scorecard_2026-06-10_most_recent","1","1","2","2","2","1","11","1","1","438","","","","7608","7608","","6957","19353","","0.3636","","0","0.2525","0","","33191","44255","33103"
"433040","scorecard_2026-06-10_most_recent","1","1","1","1","1","1","22","1","0","48","0.8305","","","","","41748","","","","1","","0.6667","0.4848","0.7576","9500","56013","62461","62904"
"433101","scorecard_2026-06-10_most_recent","0","5","1","1","3","1","21","1","0","659","","","","","","","27578","","","0.7403","","0.6325","0.637","0.7902","9000","34545","42316","35832"
"434344","scorecard_2026-06-10_most_recent","1","1","1","1","3","1","12","1","0","192","","","","","","","24598","","","0.902","","0.8136","0.5","0.7301","6222","20722","33641","32304"
"436599","scorecard_2026-06-10_most_recent","1","1","2","2","3","1","21","1","1","185","","","","19450","19450","","27385","27385","","0.8","","1","0.477","0.6667","19000","52844","65177","70630"
"436818","scorecard_2026-06-10_most_recent","0","5","3","4","1","1","12","1","0","733","0.8666","1060","23","18140","40808","10875","","22933","0.7778","","0.5273","","0.5158","0.3724","18610","53816","78925","76632"
"436827","scorecard_2026-06-10_most_recent","0","5","3","4","1","1","22","1","0","454","0.8818","1090","25","18140","40808","13807","","23337","0.7024","","0.6162","","0.3819","0.365","18610","53816","78925","76632"
"436836","scorecard_2026-06-10_most_recent","0","5","3","4","1","1","12","1","0","2432","0.8298","1094","25","18150","40818","16798","","30122","0.816","","0.5654","","0.5071","0.35","18610","53816","78925","76632"
"437237","scorecard_2026-06-10_most_recent","1","1","1","1","2","1","21","1","0","68","0.8889","","","","","","20525","","","0.8333","","0.9231","0.1636","0.4545","9500","40342","49255","46449"
"440004","scorecard_2026-06-10_most_recent","1","1","4","4","2","1","33","1","0","","","","","","","","","","","","","","","","12500","49292","62532","53497"
"441982","scorecard_2026-06-10_most_recent","1","1","3","3","2","1","21","1","0","377","0.252","1520","35","66398","66398","","25171","86474","0.9796","","0.9639","","0.1213","0.2525","14287","96529","126895","112565"
"443641","scorecard_2026-06-10_most_recent","0","6","1","1","3","1","21","1","0","181","","","","","","","25666","","","0.8824","","0.7857","0.3835","0.4925","9500","16472","31116","25635"
"445647","scorecard_2026-06-10_most_recent","0","4","1","1","3","1","21","1","0","182","","","","","","","28170","","","","","0.7727","0.3415","0.4564","6333","21382","32586","25727"
"445656","scorecard_2026-06-10_most_recent","0","4","1","1","3","1","21","1","0","233","","","","","","","31895","","","","","0.871","0.3407","0.4093","6333","21382","32586","25727"
"445911","scorecard_2026-06-10_most_recent","0","8","1","1","3","1","13","1","0","875","","","","","","","38521","","","0.7353","","0.6493","0.6082","0.7912","9500","35491","47136","42154"
"449463","scorecard_2026-06-10_most_recent","1","2","1","1","3","1","21","1","0","402","","","","","","","12607","","","0.8929","","0.7","0.5376","0.7457","6333","19431","27498","26802"
"450641","scorecard_2026-06-10_most_recent","1","2","1","1","3","1","22","1","0","306","","","","","","","10549","","","0.9688","","0.8333","0.3083","0.4625","7461","24134","35339","31933"
"451042","scorecard_2026-06-10_most_recent","1","2","1","0","3","1","21","1","0","51","","","","","","","4271","","","1","","1","0.087","0","6333","15910","38040","30122"
"451255","scorecard_2026-06-10_most_recent","1","1","1","1","3","1","21","1","0","21","","","","","","","16975","","","0.1","","0.6667","0.0421","0","","","25901","23447"
"455798","scorecard_2026-06-10_most_recent","1","1","1","1","3","1","21","1","0","143","","","","","","","11408","","","1","","0.7736","0.6774","0.7613","6333","17343","24143","22386"
"455965","scorecard_2026-06-10_most_recent","1","1","1","1","3","1","21","1","0","102","","","","","","","20151","","","0.8846","","0.78","0.4235","0.5882","7667","16136","32315","22733"
"455992","scorecard_2026-06-10_most_recent","1","1","4","4","2","1","32","1","0","","","","","","","","","","","","","","","","","","",""
"456001","scorecard_2026-06-10_most_recent","1","1","1","1","3","1","13","0","0","104","","","","","","","24129","","","0.9315","","0.9091","0.4222","0.5185","5077","42538","51769","48392"
"457332","scorecard_2026-06-10_most_recent","1","1","1","1","3","1","21","1","0","52","","","","","","","16406","","","0.9412","","0.6","0.4483","0.6437","9659","24208","33949","26814"
"457341","scorecard_2026-06-10_most_recent","1","1","1","1","3","1","21","1","0","197","","","","","","","16590","","","0.931","","0.8036","0.3511","0.4389","9833","20364","28922","24768"
"457615","scorecard_2026-06-10_most_recent","1","1","1","1","1","1","21","1","0","42","","","","","","","","","","","","","0.35","0.325","7454","56907","67695","57203"
"459408","scorecard_2026-06-10_most_recent","1","1","1","1","1","1","21","1","0","72","","","","","","11682","","","","1","","0.7018","0.3939","0","","52680","64044","37746"
"460349","scorecard_2026-06-10_most_recent","0","2","3","4","2","1","12","1","1","2202","0.9097","","","13365","13365","","20252","26864","0.5217","","0","","0.3623","0.5126","16334","33862","54530","44296"
"461704","scorecard_2026-06-10_most_recent","1","1","1","1","3","1","32","1","0","156","","","","","","","18711","","","0.9189","","0.7857","0.4068","0.4","6333","20361","27457","24075"
"461962","scorecard_2026-06-10_most_recent","1","1","1","1","3","1","22","1","0","74","","","","","","","26546","","","","","0.8985","0.3948","0.4919","8550","37060","43604","40426"
"462044","scorecard_2026-06-10_most_recent","1","1","4","4","2","1","13","1","0","","","","","","","","","","","","","","","","","","",""
"463056","scorecard_2026-06-10_most_recent","0","5","3","4","1","1","12","1","0","1525","0.8833","1073","19","18130","40798","16403","","26946","0.8373","","0.6505","","0.4565","0.3822","18610","53816","78925","76632"
"468963","scorecard_2026-06-10_most_recent","0","2","1","1","3","1","21","1","0","430","","","","","","","16164","","","0.7526","","0.7371","0.6451","0.6402","6333","49157","61966","56445"
"475273","scorecard_2026-06-10_most_recent","0","1","3","4","2","1","12","1","0","176","","","","","","","","","","","","","0.5894","0.7967","23000","38460","60428","55341"
"476735","scorecard_2026-06-10_most_recent","1","1","1","1","3","1","22","1","0","39","","","","","","","32061","","","0.4643","","0.5","0.9057","0.9057","7358","15547","31450","17370"
"479062","scorecard_2026-06-10_most_recent","0","2","1","1","3","1","21","1","0","124","","","","","","","30141","","","0.8919","","0.9462","0.3133","0.4678","9350","36966","46174","41397"
"480903","scorecard_2026-06-10_most_recent","0","2","1","1","3","1","12","1","0","428","","","","","","","16191","","","","","0.7401","0.7876","0.8532","6333","43224","52806","48393"
"481571","scorecard_2026-06-10_most_recent","1","1","1","1","3","1","41","1","0","5","","","","","","","6638","","","1","","1","0.8571","0.8571","","","",""
"482705","scorecard_2026-06-10_most_recent","0","2","3","4","2","1","11","1","0","1802","","","","","","","","","","","","","0.11","0.2156","22000","74155","101903","94528"
"484057","scorecard_2026-06-10_most_recent","1","1","1","1","3","1","11","1","0","201","","","","","","","","","","1","","0.8444","0.2489","0.0895","2333","16082","34620","25907"
"484127","scorecard_2026-06-10_most_recent","1","1","1","1","3","1","22","1","0","53","","","","","","","14380","","","0.0556","","0.8113","0.4015","0.553","9833","21799","30451","27618"
"485607","scorecard_2026-06-10_most_recent","1","1","1","1","3","1","12","1","0","44","","","","","","","15318","","","0.9167","","0.5556","0.697","0.7121","8665","15531","25726",""
"487524","scorecard_2026-06-10_most_recent","1","1","3","4","2","1","13","1","0","2618","0.8095","1180","","23304","23304","","21005","35852","0.7535","","0.5935","","0.3881","0.7168","21500","47273","62950","54368"
"490382","scorecard_2026-06-10_most_recent","1","1","1","1","3","1","22","1","0","153","0.8421","","","","","","42740","","","1","","0.8704","0.3349","0.4128","12264","88121","81954",""
"490753","scorecard_2026-06-10_most_recent","1","1","1","4","2","1","33","1","0","3","","","","","","","","","","","","","","","","","",""
"493682","scorecard_2026-06-10_most_recent","1","1","1","1","3","1","21","1","0","100","","","","","","","32821","","","0.9388","","1","0.2207","0.1315","4625","","",""
"493822","scorecard_2026-06-10_most_recent","1","2","3","3","2","1","12","1","0","491","","","","11016","11016","","21108","27138","0.8571","","","","0.6858","0.6509","7690","","",""
"494542","scorecard_2026-06-10_most_recent","0","1","3","3","2","1","11","1","0","57","0.6905","1190","","787","787","","","","0.75","","0.8125","","0","0","","","",""
"496894","scorecard_2026-06-10_most_recent","0","2","1","1","3","1","12","1","0","32","","","","","","","30086","","","0.125","","1","0.1818","0.1818","6333","15910","38040","30122"
"497499","scorecard_2026-06-10_most_recent","1","1","1","1","3","1","21","1","0","31","","","","","","","","","","","","","0.0816","0.2857","","","",""
"497888","scorecard_2026-06-10_most_recent","0","4","1","1","3","1","21","1","0","118","","","","","","","38758","","","","","","0.3824","0.4559","6333","21382","32586","25727"
"500306","scorecard_2026-06-10_most_recent","0","20","3","0","3","1","13","1","0","334","1","","","24653","24653","","43500","48113","","","","","0.4821","0.9643","9500","31810","38251","34040"
"12429201","scorecard_2026-06-10_most_recent","0","2","0","0","2","1","","1","","","","","","30200","30200","","","","","","","","","","18000","33084","49755","49062"
"12915401","scorecard_2026-06-10_most_recent","0","2","0","0","2","1","","1","","","","","","21188","21188","","","","","","","","","","14221","57249","72845","65520"
"13017403","scorecard_2026-06-10_most_recent","0","6","0","0","3","1","","1","","","","","","15856","15856","","","","","","","","","","9500","36762","46863","42645"
"13017405","scorecard_2026-06-10_most_recent","0","6","0","0","3","1","","1","","","","","","15856","15856","","","","","","","","","","9500","36762","46863","42645"
"13017408","scorecard_2026-06-10_most_recent","0","6","0","0","3","1","","1","","","","","","15856","15856","","","","","","","","","","9500","36762","46863","42645"
"13017409","scorecard_2026-06-10_most_recent","0","6","0","0","3","1","","1","","","","","","15856","15856","","","","","","","","","","9500","36762","46863","42645"
"13017410","scorecard_2026-06-10_most_recent","0","6","0","0","3","1","","1","","","","","","15856","15856","","","","","","","","","","9500","36762","46863","42645"
"16099501","scorecard_2026-06-10_most_recent","0","2","0","0","3","1","","1","","","","","","","","","","","","","","","","","11261","39101","47611","38895"
"16125301","scorecard_2026-06-10_most_recent","0","2","0","0","1","1","","1","","","","","","10050","18540","","","","","","","","","","16750","43355","63056","57355"
"16157202","scorecard_2026-06-10_most_recent","0","2","0","0","2","1","","1","","","","","","17476","17476","","","","","","","","","","4752","34184","45016","43695"
"18908801","scorecard_2026-06-10_most_recent","0","15","0","0","2","1","","1","","","","","","","","","","","","","","","","","19000","21735","45380","37767"
"37369601","scorecard_2026-06-10_most_recent","0","2","0","0","3","1","","1","","","","","","","","","","","","","","","","","5500","16824","29694","17415"
"44946301","scorecard_2026-06-10_most_recent","0","2","0","0","3","1","","1","","","","","","","","","","","","","","","","","6333","19431","27498","26802"
"47503317","scorecard_2026-06-10_most_recent","0","18","0","0","2","1","","1","","","","","","","","","","","","","","","","","","68532","77686","92620"
"49382201","scorecard_2026-06-10_most_recent","0","2","0","0","2","1","","1","","","","","","11016","11016","","","","","","","","","","7690","","",""
